-0.005175	-0.014369	-0.009591	-0.006841	0.018289	-0.005930	-0.029992	0.005712	-0.001552	-0.293934	0.018796	-0.017534	0.009036	-0.000741	-0.001143	-0.100588	0.003734	0.000724	0.001684	-0.053855	-0.001050	0.007966	0.003630	0.015826	-0.017217	-0.000701	-0.001223	0.009786	0.010845	-0.003688	-0.000189	-0.005448	0.016773	0.037169	0.005746	-0.019226	-0.007260	0.012158	-0.000746	-0.001119	
-0.401238	0.006419	0.001361	0.002993	-0.009686	-0.022113	-0.008033	-0.007229	0.008115	-0.004695	-0.062122	0.302886	-0.000453	0.007626	-0.000960	0.028136	-0.004560	-0.003297	-0.014544	-0.002337	-0.013040	-0.001707	0.000928	0.011703	0.006436	0.007093	0.001123	-0.000178	0.003783	-0.009497	-0.010425	0.005849	0.003668	0.000103	0.000630	-0.005488	-0.001436	0.003309	0.003084	-0.000242	
-0.000000	-0.007840	-0.000974	-0.011002	-0.004058	-0.019238	0.041474	0.000416	-0.006414	0.005018	-0.092998	0.005702	-0.002728	-0.006406	-0.005382	-0.001081	-0.002229	0.017684	0.001361	-0.002561	0.003836	-0.000376	0.008745	-0.006200	0.019066	0.001173	0.000432	0.013245	-0.014191	-0.001632	0.008737	0.002646	-0.015177	-0.010720	0.003152	-0.003584	0.003911	0.000202	-0.014528	0.001413	
0.000252	-0.001391	-0.008018	-0.013244	0.000857	-0.013826	0.021438	-0.001824	0.000482	0.009670	-0.022507	-0.021273	-0.012616	-0.001771	0.004124	-0.006518	-0.007606	0.008926	-0.023020	0.009864	0.002704	0.001894	0.000669	-0.008135	0.000337	0.005151	-0.001567	0.002171	-0.000890	0.007510	0.001289	-0.000575	-0.005243	0.001186	0.000728	0.009490	0.004252	-0.002393	0.001199	0.006449	
0.000000	-0.023547	-0.043158	-0.018216	-0.003445	0.002778	-0.019923	0.021454	-0.012846	-0.005919	0.001417	0.005303	0.010005	0.017469	-0.005840	-0.005515	0.084717	-0.001289	0.000565	-0.011937	0.002957	-0.000457	0.001331	0.001905	-0.002583	-0.008075	0.010303	-0.004850	0.004876	-0.018407	0.000055	-0.000185	-0.004989	-0.007597	0.000015	0.017321	0.002044	0.017293	-0.004750	-0.023481	
-0.000022	0.006374	-0.010618	-0.032794	0.001900	-0.002213	0.000399	0.008872	-0.015015	-0.137412	-0.003272	-0.002062	-0.009272	0.001646	-0.018081	-0.000693	0.000430	-0.004703	-0.108312	-0.004900	-0.009853	0.008767	0.009510	0.000349	-0.002172	0.014364	-0.000902	-0.002551	-0.004624	-0.009436	0.004898	0.001879	-0.005537	0.004374	0.007537	0.005817	-0.014161	0.046402	-0.008444	-0.009251	
0.005849	-0.016225	-0.013108	-0.032843	0.009114	-0.001623	0.004070	0.001802	-0.019568	-0.017438	0.021693	-0.005260	0.006217	-0.003795	0.023952	0.013899	-0.006933	-0.000357	-0.000812	0.005150	0.008139	0.002686	0.000803	-0.000692	-0.004579	-0.014869	0.011677	-0.001653	-0.014069	-0.012763	0.009441	-0.026835	0.000919	-0.003544	0.001121	0.008417	0.009409	-0.010590	0.029681	-0.000230	
-0.019148	0.000119	0.014435	-0.004142	0.028194	-0.004799	-0.021213	0.001756	-0.002852	-0.017417	-0.005861	0.006187	0.000801	0.080164	0.044241	0.048971	-0.014970	-0.007955	0.000134	-0.001010	-0.001468	-0.009957	-0.000955	-0.001974	-0.000811	-0.000648	0.010295	0.006088	0.002027	-0.003982	-0.014000	0.006381	0.019089	-0.004393	-0.002666	-0.011162	0.005776	0.038670	-0.000280	-0.001269	
0.000350	0.007650	0.033766	0.004595	0.005825	0.027300	0.045846	-0.001006	0.030053	0.146851	0.001490	0.000720	-0.006503	-0.008929	0.006737	-0.001432	0.000307	0.007058	-0.001315	-0.003376	0.016244	-0.001666	-0.018418	-0.001462	-0.004673	0.000070	-0.000504	0.004912	0.001687	-0.001336	-0.000467	-0.000769	-0.004409	-0.006089	0.015525	-0.015217	0.000033	-0.001547	-0.025046	0.002361	
0.008854	0.000750	-0.004113	0.003512	-0.014661	-0.004829	0.007774	0.001147	0.018853	-0.005317	0.046710	-0.019808	-0.005686	0.003293	-0.005564	-0.049356	-0.027782	-0.000421	-0.004158	-0.020895	0.010399	0.000438	0.003704	-0.007784	0.003520	-0.001823	0.003491	-0.013481	-0.003061	-0.015680	-0.003355	0.001950	-0.000036	0.005746	-0.008136	0.003702	-0.001857	0.010110	-0.037252	0.030061	
-0.000000	0.000880	-0.006079	0.027155	-0.017682	-0.006513	0.026846	-0.109655	0.000977	-0.005075	0.002674	-0.015569	0.020084	-0.019954	0.001039	-0.014570	-0.005138	-0.020284	-0.012356	-0.004476	-0.006944	-0.007947	-0.008724	0.002464	0.008607	-0.009176	0.009005	0.004165	-0.009989	0.000305	0.003136	0.006632	0.000321	-0.006178	-0.003929	-0.003329	0.009193	0.011487	-0.012208	0.011261	
-0.000001	0.005062	0.002737	0.005029	-0.039658	0.001659	-0.006963	-0.009442	0.000476	0.007780	0.033572	0.004569	0.001690	0.000914	-0.012537	0.119285	-0.117602	0.001323	0.005133	0.002682	-0.000389	-0.022861	0.010184	-0.000233	-0.010922	-0.001131	-0.002381	-0.027593	-0.021272	-0.008781	0.002012	-0.000536	-0.009027	-0.006304	-0.005825	-0.004342	-0.009972	-0.007635	0.005399	0.004438	
0.015879	-0.000066	0.012846	0.013937	0.005391	-0.004712	0.005247	0.006747	0.012398	0.055463	0.002316	-0.003496	0.002346	-0.072649	-0.002661	0.794436	-0.006249	-0.000078	-0.000020	0.001876	0.002471	0.007455	0.000291	-0.006403	-0.005476	0.002118	0.004819	-0.010215	0.004749	0.000595	0.031234	-0.003029	-0.021723	0.014164	-0.003729	0.002354	-0.009145	-0.006941	-0.001708	-0.000938	
0.000589	-0.009834	0.001993	-0.005469	0.000735	0.010925	0.015709	0.000162	0.000320	0.001264	-0.001846	-0.007268	0.004864	0.012734	0.012010	0.000717	0.015159	0.004109	0.004302	0.002837	0.005891	0.000321	0.010688	-0.006684	0.015244	-0.013136	-0.001379	0.004522	0.002391	0.001412	-0.003314	0.002129	-0.002178	0.004613	0.002277	0.013648	-0.000082	0.009634	-0.014212	-0.007386	
-0.013610	-0.003497	-0.824879	-0.018697	0.005091	-0.015922	-0.001298	0.003444	-0.005715	0.016231	-0.003890	-0.003484	0.063327	0.010790	-0.005913	0.017935	0.059951	-0.032953	-0.005442	-0.001495	-0.000121	-0.003933	-0.001850	0.001647	-0.003955	-0.013300	-0.001759	0.003685	0.006022	0.003708	0.004319	0.028714	0.007308	0.014229	0.000313	-0.003451	0.005192	-0.004674	-0.011056	-0.003778	
0.003016	-0.014395	0.004180	-0.010243	0.003536	0.009501	0.008243	-0.008802	0.010328	0.015872	-0.112921	-0.011400	0.003238	0.000849	0.003943	0.011652	-0.068441	0.000181	0.001069	-0.004489	0.001823	-0.006534	-0.002709	0.000132	0.019553	0.020709	-0.002761	0.000769	-0.013960	0.001210	-0.007782	-0.000198	-0.012602	-0.011683	-0.000205	0.011390	-0.005750	0.003112	-0.002254	0.006671	
-0.000082	-0.005927	-0.012330	-0.013981	-0.016438	0.018760	-0.001966	0.000348	0.005147	-0.004506	0.000094	0.002656	-0.022366	-0.370990	-0.012382	0.005837	-0.002126	-0.017464	0.004458	-0.007434	0.003673	0.005829	0.012983	-0.003323	0.015322	0.013068	0.007199	0.018988	-0.014481	-0.002618	0.008011	-0.010351	-0.005550	-0.019629	-0.001599	0.004363	-0.017380	0.014503	0.010470	0.002194	
-0.055570	-0.000052	-0.004820	-0.003106	-0.002253	0.000977	-0.001323	-0.011620	-0.049137	-0.004148	-0.000133	-0.097822	0.022043	0.003943	0.002819	-0.000950	-0.003137	0.007773	-0.024988	0.003809	-0.011516	0.001354	-0.018480	0.007015	0.008211	-0.005789	0.000205	-0.005325	0.010969	0.009499	-0.001586	-0.003462	0.010602	-0.007986	-0.012646	-0.006230	0.001777	-0.002103	0.000939	0.006875	
0.000016	-0.002082	0.001376	0.001444	-0.005984	-0.014691	-0.001613	0.001478	0.009045	0.007105	0.009131	0.005393	0.059526	0.021602	-0.027253	-0.002122	-0.044476	0.011867	-0.006512	-0.023294	0.000500	-0.008151	-0.001331	-0.000936	0.003280	0.006129	0.007266	-0.003088	-0.001454	0.001692	0.002913	0.009534	0.000176	0.007051	0.015153	-0.008479	-0.018681	-0.000286	0.000604	-0.001552	
-0.000065	-0.029126	-0.001919	-0.001294	0.016718	-0.007673	0.038097	-0.014300	0.000150	-0.013956	0.000011	-0.015919	-0.004573	0.007279	0.010845	-0.013766	0.004926	-0.002638	-0.002923	0.011659	0.003510	0.000870	-0.012175	0.002118	-0.002846	-0.000811	-0.005914	-0.007898	0.000493	0.005911	0.002560	-0.004423	-0.003142	0.001091	0.000263	0.018714	0.000129	-0.010833	0.019141	0.005085	
0.000159	-0.005207	-0.001627	0.000257	-0.017109	-0.064789	-0.004033	0.005521	-0.005230	0.005652	-0.006982	-0.001727	-0.034177	-0.002959	-0.041214	0.000769	-0.009035	-0.055173	0.001974	0.014785	-0.002951	-0.001714	0.007134	0.005980	0.000289	-0.002998	0.000059	-0.003386	-0.059310	-0.006075	0.007165	-0.005612	0.026616	-0.006391	0.011687	-0.010225	0.005392	0.002443	0.021746	0.006170	
0.000001	-0.010585	-0.002804	-0.008275	-0.007338	-0.015668	0.007226	-0.009581	0.012618	-0.002360	-0.006967	-0.045429	0.002745	0.007980	0.075445	0.082215	-0.000838	0.002870	0.009651	0.032450	0.007952	-0.009738	0.010914	0.012699	-0.003800	-0.000282	0.002322	0.000464	0.000342	-0.000384	-0.013293	0.003834	0.001849	-0.005050	-0.001769	0.011115	-0.006763	0.074738	-0.012553	0.004589	
-0.000000	0.003234	0.004978	0.012980	0.002614	0.007671	0.000153	-0.035734	0.006324	0.006164	-0.023755	-0.001449	0.048608	0.004956	0.015209	0.004741	0.008106	0.001892	-0.022687	0.002518	-0.001224	0.005488	-0.006092	-0.000565	-0.009251	-0.007763	-0.009789	-0.000150	-0.005013	0.003097	-0.002566	-0.005381	0.003722	-0.000354	-0.016381	-0.000007	0.010184	-0.003142	0.004793	-0.024248	
-0.000123	-0.000167	0.034064	-0.003477	0.026802	-0.000961	-0.007969	0.013094	-0.000149	0.002679	-0.000398	0.007126	-0.001284	-0.007068	-0.023440	-0.116650	0.008066	-0.002721	-0.004178	0.008112	0.005384	0.005938	0.027186	0.005423	0.000809	0.002427	-0.000793	-0.004354	0.000927	0.003619	0.013413	-0.000409	0.000417	0.002188	-0.008057	-0.008194	-0.000478	0.033582	0.001870	-0.005529	
0.000256	0.000105	-0.017360	0.016008	0.020854	-0.006538	-0.000001	0.013422	-0.005554	-0.002865	-0.006065	0.007076	-0.020557	-0.005102	-0.100416	-0.009081	-0.040184	-0.008760	0.003287	-0.000715	-0.005486	0.010905	0.004239	0.021893	0.003249	-0.001417	0.014554	0.000580	-0.007753	-0.000061	0.000205	0.006657	0.000076	0.003326	-0.000201	-0.001574	0.020993	0.015842	0.013722	0.006530	
0.000000	-0.005219	-0.015608	0.001045	-0.016393	0.003773	0.000460	-0.001053	0.000248	0.136838	-0.002735	0.005830	-0.019855	-0.013702	-0.011535	-0.049870	0.106043	-0.000536	0.012899	-0.005891	-0.009927	-0.025429	-0.002609	0.006679	0.000766	0.010862	0.001193	0.005591	-0.002825	0.000649	0.010100	0.000055	-0.013211	-0.001387	-0.007375	0.001457	-0.004874	0.000764	0.006777	0.002256	
0.000000	-0.010829	-0.003914	0.006743	0.012032	0.033729	0.001195	0.018357	0.002742	0.003747	0.012006	-0.001703	-0.022461	-0.002296	0.010440	-0.000753	0.069946	0.000881	0.011334	0.002852	0.002815	-0.002431	0.010383	-0.004104	0.000181	0.005638	-0.000569	0.005777	0.000577	-0.000595	0.012851	0.000297	0.000660	0.003542	0.010005	0.003909	-0.002992	0.011107	0.002804	-0.035367	
-0.000001	-0.000120	-0.013642	-0.003732	0.022720	0.020011	0.001907	0.000853	0.010019	0.000194	-0.002626	-0.035710	-0.021491	-0.005048	0.003929	0.002925	0.005213	0.041440	0.011223	0.003267	-0.004909	0.010767	0.003710	-0.000237	-0.005772	-0.009319	-0.003420	-0.000981	-0.000486	0.003674	-0.040703	0.008475	0.000975	0.018373	-0.007441	0.008914	-0.001373	0.043461	-0.008383	0.024747	
0.000096	0.001046	-0.020437	-0.002275	0.025906	0.022255	-0.004719	0.002920	-0.010332	0.009306	-0.031634	0.003297	-0.026326	0.022391	-0.355119	0.011341	-0.005208	0.035222	-0.004372	0.008425	-0.002010	-0.006201	0.003911	-0.000168	-0.016806	-0.006433	-0.001614	-0.005675	0.003976	-0.013044	0.014130	-0.003887	0.007395	-0.001812	0.010356	-0.002584	0.009435	-0.001216	-0.002758	0.043800	
0.000033	0.012624	-0.000153	-0.006867	-0.000256	0.007045	-0.037347	-0.001634	0.013215	0.006600	0.041920	0.019413	-0.113000	-0.011162	-0.005577	0.003933	-0.002897	0.010001	0.077910	-0.004051	-0.006573	-0.024159	0.015666	0.015587	0.006910	-0.008999	-0.010869	-0.001505	-0.008042	-0.004236	0.000816	-0.012217	-0.002827	0.000217	0.005164	0.001536	0.002249	-0.010774	0.018670	0.022376	
0.000011	0.000420	-0.003814	0.001283	-0.015379	-0.001151	0.028980	-0.010329	-0.009236	0.001997	-0.003420	0.128330	-0.002324	0.031403	-0.058833	0.022021	-0.046094	0.003606	0.000773	-0.005684	-0.001330	-0.005455	-0.000613	-0.013371	0.000881	0.004165	0.003113	0.005968	-0.002214	-0.012873	-0.020791	-0.001465	0.001609	0.023209	0.004601	0.000742	0.007520	-0.001797	0.019751	-0.019111	
0.000486	-0.003444	0.007274	-0.001582	0.011779	0.003837	-0.001071	-0.006355	0.001066	0.080533	-0.000581	0.004871	-0.018174	0.007494	0.026201	0.318832	-0.053645	0.011135	-0.007147	-0.005994	0.006016	0.002065	0.024007	0.022257	0.001713	0.008641	-0.006247	-0.001220	0.005754	0.007218	-0.006654	0.007486	0.000890	0.005267	-0.000175	-0.004309	-0.005196	0.009896	-0.003031	-0.009001	
0.000003	0.000411	-0.005737	0.000229	-0.009213	0.000839	0.000968	0.000000	0.015277	-0.010432	-0.002484	-0.075956	-0.023297	0.022579	0.000882	-0.006576	-0.002205	0.028491	0.000647	0.011023	0.002396	0.001565	0.004270	-0.003881	-0.002911	0.019131	-0.005073	-0.008596	-0.000340	-0.000977	0.000634	0.023870	-0.013834	0.000065	0.006791	-0.017306	-0.005821	-0.009692	0.005708	-0.011533	
0.000000	-0.005852	-0.016410	0.000110	0.013072	-0.010781	0.001667	0.000534	-0.004465	-0.046759	-0.000138	0.000496	-0.017340	0.008929	0.008568	0.000260	0.054633	0.003683	-0.001813	-0.005374	0.014655	0.004146	0.005486	-0.003477	-0.001082	0.000211	-0.006694	0.000440	-0.012169	0.010346	-0.024414	0.009394	-0.008544	0.015190	0.037321	-0.009389	-0.006326	-0.004647	0.001427	0.006824	
-0.000001	-0.006784	0.008029	0.004342	0.013011	0.029610	-0.028546	0.026108	-0.005398	0.008293	-0.006298	-0.008695	0.000033	0.001969	0.686311	-0.000715	0.004117	-0.007864	-0.010590	-0.022287	-0.020523	0.003774	0.002274	0.002224	-0.005702	-0.003495	-0.002783	-0.004807	0.001987	0.024959	0.001492	-0.001038	0.000809	0.002156	-0.003530	0.001861	0.001908	0.001778	0.001777	-0.000649	
-0.026246	-0.002943	-0.001183	-0.029249	-0.007989	0.009174	0.002401	0.004043	0.000203	0.000703	0.012008	0.017633	0.006576	-0.002211	0.043794	-0.230087	0.015618	-0.007646	0.018305	0.002545	0.048432	0.020481	-0.004646	-0.016895	-0.004114	-0.000229	0.010844	0.004847	-0.002885	-0.006492	0.014552	-0.014591	0.003843	0.005694	0.007149	-0.016395	0.021576	0.003184	-0.002505	-0.015772	
0.001114	0.016143	0.031310	-0.044119	0.000346	0.000868	-0.002954	-0.001429	0.000317	0.000710	-5.548600	-0.004132	0.005148	-0.003882	0.001016	0.003859	0.038333	-0.000881	-0.002310	-0.011209	0.016365	-0.006019	-0.003188	-0.002821	-0.007414	-0.011654	-0.005805	0.000245	0.000559	0.001075	0.007485	-0.000437	0.000666	-0.007463	0.017545	-0.000580	0.002602	0.019912	0.007360	-0.022467	
0.000357	-0.000697	-0.000137	-0.002877	-0.002777	0.003660	0.006111	0.013702	0.004276	-0.001676	-0.001507	0.002996	-0.000331	-0.171967	-0.002018	0.006038	-0.020495	-0.082416	0.007113	0.001671	0.006236	0.002300	-0.018391	0.009593	0.014097	-0.002205	-0.012887	0.010650	0.004326	-0.004233	-0.004586	-0.006309	-0.012165	-0.008407	-0.007096	-0.011883	-0.021953	-0.000364	0.039486	-0.024783	
-0.000001	-0.000803	0.022166	-0.004456	0.007252	0.000607	-0.010709	0.034083	0.017174	0.006540	-0.041505	-0.013896	-0.012096	-0.040719	0.064394	0.027782	0.000561	-0.007412	0.001140	0.007527	0.002799	-0.002881	-0.002122	0.011373	-0.006846	0.010690	0.000404	-0.002059	-0.011152	0.001403	-0.008056	-0.003306	0.043505	0.005938	-0.008642	-0.013878	0.005102	-0.009365	-0.003396	0.002213	
0.000008	-0.001385	-0.012870	0.016883	-0.000094	0.002624	0.018748	-0.010925	-0.008383	-0.000619	0.000102	-0.001665	0.005543	-0.003239	0.009074	-0.010960	0.036610	0.065993	-0.006294	-0.018452	-0.000031	-0.004745	0.010716	0.009767	-0.003733	0.000458	0.001237	-0.000584	0.001030	0.006323	-0.005135	-0.000916	0.005708	-0.005144	-0.001429	0.012660	0.001444	-0.013095	-0.021338	-0.001730	
-0.009575	-0.023025	0.006361	-0.006751	0.048461	0.001565	-0.006123	-0.022729	0.017358	0.029189	-0.025779	-0.002706	-0.008115	0.001818	-0.002815	0.000813	0.043136	0.000950	0.003986	0.001945	0.000699	0.011548	-0.006154	-0.001744	-0.001204	0.002493	0.001369	0.002618	-0.018340	-0.016630	0.002390	0.006679	-0.000067	-0.003105	0.013487	0.001574	0.005724	-0.008287	-0.018031	-0.004812	
-0.000076	-0.002730	0.005849	-0.048726	-0.006804	0.002883	0.012152	0.006119	0.006682	0.003609	0.001343	-0.004775	-0.006419	-0.003983	0.035801	-0.348778	0.036408	0.000577	0.003551	-0.000211	-0.005555	-0.001807	-0.008063	0.005712	0.017625	-0.014562	0.001660	-0.018485	0.007753	0.004520	-0.005270	-0.003315	-0.017480	-0.008429	0.000833	-0.011912	0.003145	-0.010737	-0.002545	-0.010481	
0.000026	-0.008163	0.003314	0.009338	0.021618	-0.017257	0.001455	-0.020923	0.015894	0.002279	0.027279	0.003603	-0.004031	0.019001	-0.040363	0.013882	-0.001315	0.005295	0.001054	-0.001662	0.002762	-0.015445	-0.001184	0.007031	0.004020	0.003831	0.010371	0.009972	-0.007490	-0.006016	-0.001935	-0.013506	-0.004431	0.014421	0.006067	-0.000571	-0.001515	-0.056660	0.034314	-0.040443	
0.004425	0.000335	-0.000186	0.000098	-0.001000	-0.000237	0.002560	-0.037042	0.005580	0.000342	-0.000421	-0.005291	0.003040	-0.009381	0.013061	-0.013321	-0.045909	0.036155	-0.001702	-0.003799	-0.002699	0.007745	-0.002580	0.000806	0.002274	0.005006	-0.012518	-0.000208	-0.018931	-0.003876	-0.006438	-0.002571	0.001070	-0.014275	0.021980	0.002902	-0.002047	-0.000276	0.001135	-0.002395	
-0.000080	0.012428	0.006813	-0.023630	0.030876	-0.000115	0.003445	0.003265	0.007324	0.035315	-0.016112	0.053834	0.001153	-0.234159	0.020904	-0.001521	0.003215	0.003430	0.009331	0.002601	0.003286	0.004410	-0.007945	-0.000095	-0.001760	-0.015073	0.002373	-0.007901	-0.008548	0.003306	-0.001481	-0.005945	-0.001991	-0.005265	-0.004276	0.018293	0.001069	0.004358	0.014080	-0.001404	
-0.000062	0.000151	-0.009628	0.016571	0.046519	-0.001688	0.004324	-0.001016	0.006318	-0.004708	0.001092	-0.005454	0.002879	0.002665	-0.003419	-0.008438	0.019634	-0.001244	0.004693	0.001449	-0.000148	0.013048	0.004153	-0.004542	-0.012402	-0.008184	0.002103	-0.004412	0.002446	-0.007040	0.034279	0.003872	-0.001416	0.003326	-0.007284	0.008014	0.003449	0.001555	-0.006111	0.003379	
-0.000044	0.006799	-0.014699	-0.007631	0.001444	0.003196	0.006315	-0.022069	0.000863	-0.008942	-0.006797	0.000728	-0.004861	0.005770	-0.006516	-0.058627	0.002456	0.002040	-0.006786	0.006775	0.004969	0.011554	0.000082	-0.002690	0.001774	-0.010923	-0.003902	0.010541	0.017205	0.002394	-0.000114	-0.001693	-0.001474	-0.001236	-0.002666	-0.006931	0.000178	0.004176	-0.019316	0.000847	
0.000105	-0.000775	-0.020431	-0.041479	-0.023268	-0.003434	-0.000913	-0.000943	-0.003467	0.003619	0.010401	0.016464	0.020875	-0.003260	0.007904	0.001643	0.000368	0.050119	-0.012879	0.004689	-0.009458	0.008604	0.018209	0.006504	0.001517	-0.004816	-0.001630	-0.020899	-0.004500	0.004739	0.014244	0.005989	0.000281	-0.017061	0.000291	0.012901	0.007461	0.021155	0.008185	0.018419	
-0.000432	0.014329	-0.003942	-0.010061	0.022920	0.007088	-0.031417	0.012430	0.000080	0.002630	-0.016218	0.021195	0.024448	-0.644173	0.004355	0.041834	-0.000225	-0.000716	-0.001745	-0.000880	0.005607	-0.000947	-0.003415	0.000741	-0.007223	0.003323	-0.000796	0.013335	-0.005107	0.007118	0.003221	-0.013042	0.000020	0.001660	0.008471	-0.003191	-0.006280	-0.002891	-0.002315	-0.002109	
0.000000	0.004844	0.008264	0.005348	-0.016006	-0.001756	-0.038724	-0.002775	0.009410	-0.003548	-0.006851	0.007201	0.008798	0.000714	-0.002246	-0.263495	0.008282	0.000083	-0.029989	-0.003110	-0.004842	-0.011922	0.005002	0.006756	0.005240	0.006606	0.013547	0.032674	0.001414	0.009125	0.002284	0.013883	0.003171	-0.005841	-0.012291	0.000844	-0.002333	0.000660	0.002050	-0.004841	
0.000061	0.019365	0.013164	-0.034274	-0.014318	-0.020092	0.008180	-0.001735	0.010034	-0.019433	0.009155	-0.010319	0.048462	-0.006013	0.001005	0.000092	-0.002686	0.001417	-0.005900	-0.034540	-0.000210	0.003777	0.001139	0.001533	-0.006511	0.000843	0.002765	-0.000517	0.000263	0.004494	0.006950	0.013268	0.001953	0.017419	-0.009016	-0.002402	-0.030329	-0.001340	0.013266	0.004588	
-0.000132	0.000170	-0.014134	-0.006318	-0.001513	-0.013413	-0.010647	-0.006062	-0.000733	0.000897	0.009201	0.034306	0.002207	-0.068295	0.031392	0.000497	-0.003553	-0.000994	0.000998	-0.001712	-0.006223	-0.004339	-0.002613	0.002514	0.002103	0.022162	-0.000421	0.004000	0.004526	0.001406	-0.001247	-0.005343	0.000603	0.001833	-0.007246	0.124842	0.004151	0.009020	0.002186	-0.005970	
-0.000003	0.000835	0.006490	0.013919	-0.007355	0.000497	-0.004720	-0.011494	0.028632	-0.164350	-0.002332	-0.028266	0.002057	0.019293	0.004041	0.019534	-0.000521	-0.004191	-0.014028	0.000420	-0.021147	-0.001222	-0.002156	-0.006047	-0.001183	-0.000540	-0.006247	-0.003512	0.019441	0.007297	0.001920	0.002884	-0.017089	-0.007188	0.009636	-0.001039	0.000520	0.007072	-0.004773	0.005206	
-0.000044	0.021785	0.023261	-0.025443	-0.003211	-0.013179	-0.003576	0.000147	-0.001411	0.009292	-0.005295	0.000536	0.005625	0.005536	0.016066	0.088534	0.032230	-0.014406	-0.004691	0.002281	0.000211	0.003520	-0.001056	-0.003779	-0.000589	0.004385	-0.013717	0.001574	0.005065	-0.008076	-0.013128	-0.005702	0.004216	0.021836	-0.004468	0.000115	-0.004687	-0.001070	-0.005277	0.021438	
-0.000499	0.005649	0.004678	0.000033	-0.006762	0.023659	0.004438	0.003647	-0.007884	-0.002425	0.010885	0.001965	-0.022376	0.000126	-0.001340	-0.015120	-0.006578	0.001099	0.001781	-0.004160	-0.002756	0.013819	0.003096	0.000187	-0.007176	0.004798	-0.000589	-0.002746	-0.000002	0.001584	0.007379	0.003145	0.010510	0.006022	0.001354	-0.002804	0.002776	0.012715	0.005462	-0.030659	
-0.000156	0.013738	-0.056776	-0.002436	-0.006579	0.023282	0.006182	-0.001148	0.046348	-0.003826	-0.011503	-0.000251	-0.012526	0.053547	0.187376	0.000587	0.004450	-0.026002	-0.005864	-0.003123	0.007669	-0.000466	-0.004588	0.008641	0.001052	0.005786	-0.008831	0.028804	0.013867	0.000554	-0.013434	-0.010214	0.010876	-0.002361	0.025463	-0.020137	0.007426	-0.020590	0.006594	0.011897	
-0.000032	-0.007214	-0.007488	0.005601	0.006597	0.004511	0.193677	0.000481	-0.002777	0.012230	-0.000607	-0.000075	0.001265	-0.000608	0.004928	0.003984	-0.035661	0.000310	-0.000263	-0.002336	-0.003795	-0.007855	0.005586	0.002760	-0.007887	0.004743	0.007427	-0.002771	0.008376	0.005902	-0.006409	-0.003910	-0.013718	-0.000539	-0.009103	-0.010434	-0.007856	0.029707	0.006648	-0.020502	
0.000001	-0.025794	0.022450	-0.019270	0.021109	-0.022466	0.000662	-0.006436	-0.002363	0.001670	-0.008202	-0.089991	0.001794	-0.004998	0.006356	-0.005382	0.004147	-0.012034	-0.001357	-0.000635	0.003328	0.008473	0.005931	0.003141	0.001534	-0.000460	0.008581	0.011669	-0.001863	0.000404	0.001007	-0.003343	0.014316	-0.005067	-0.007364	-0.006062	0.000467	-0.016474	0.004899	0.010175	
0.000423	-0.007350	-0.000416	-0.008254	0.015841	0.027269	-0.002907	0.032085	-0.012438	-0.000516	0.004755	-0.003529	0.021244	-0.088310	-0.008322	-0.005560	-0.006019	0.007866	-0.001721	-0.000630	-0.012423	0.018177	0.013354	-0.002636	0.001424	-0.006718	0.004666	0.046589	0.000203	0.004689	-0.008497	-0.003568	-0.000105	0.009313	-0.026803	0.017460	-0.003246	-0.009536	-0.007950	-0.002067	
0.000001	0.010276	0.008388	0.003172	-0.031785	-0.040377	-0.016327	0.014205	0.009575	-0.058693	-0.021190	-0.005950	-0.020105	0.008762	-0.012734	0.089816	0.030730	-0.000406	-0.015984	-0.002935	-0.007294	-0.000543	-0.005279	0.033275	-0.006467	0.025567	0.001868	-0.020173	0.008812	-0.000622	0.002060	-0.000489	-0.012575	0.012689	-0.009067	-0.005722	-0.003107	-0.000496	-0.013012	0.008211	
-0.000108	-0.012007	0.003106	-0.004881	-0.009218	-0.015360	0.001941	-0.051218	0.000842	0.012110	0.007762	-0.006863	-0.009196	0.001373	0.008955	0.001238	-0.023163	-0.001442	0.001421	0.010865	-0.005301	-0.000844	-0.002423	-0.005087	-0.004683	0.000403	0.001443	0.018177	-0.014529	-0.010691	-0.004581	-0.008360	0.008629	0.001169	-0.018149	-0.019180	0.003610	-0.008557	0.002593	-0.010801	
-0.000013	-0.001903	0.000272	-0.002004	0.018740	-0.001050	0.047202	0.038765	-0.001755	-0.007771	0.001116	-0.003421	0.000048	-0.002377	-0.002603	3.838444	-0.000724	-0.065999	-0.868832	-0.001791	-0.008110	0.004735	-0.001379	0.002268	0.001946	0.004582	0.005561	-0.009544	0.004011	0.007008	0.001460	0.004954	-0.010271	-0.019405	0.015483	-0.019308	-0.003954	0.004282	0.007899	-0.011842	
0.000003	0.026141	-0.000682	0.008738	-0.005038	-0.005545	-0.000256	-0.010433	-0.509238	0.003163	-0.010244	0.001826	-0.008940	0.015171	0.000295	0.005676	-0.008254	0.002894	0.009520	0.001984	0.002912	-0.003650	-0.002884	0.001088	-0.000083	-0.003392	-0.007085	-0.014840	0.007945	0.005346	0.008891	-0.000863	0.000105	0.007397	-0.000854	0.001803	-0.001091	0.007797	-0.008394	0.000093	
-0.001087	0.000720	0.003952	0.004499	0.004178	-0.007929	-0.025606	0.040890	-0.000409	-0.003752	-0.006022	0.002221	0.020323	0.164304	0.001246	0.019017	0.001074	-0.000408	-0.000726	-0.002889	-0.003312	0.004210	-0.000931	-0.000180	0.004672	-0.000367	-0.002310	-0.012351	0.000116	-0.012955	0.003130	0.013153	0.002950	-0.006793	-0.018593	-0.006780	-0.002840	-0.000142	0.003517	-0.012275	
-0.283462	-0.015617	0.001223	0.000894	-0.014080	-0.008186	0.001361	-0.001176	0.000282	-0.003747	0.000542	0.010186	-0.011337	-0.012675	0.003343	-0.019364	0.012643	-0.000599	0.002117	0.008588	0.001276	-0.003247	-0.003053	0.000135	-0.004388	0.003174	0.008326	0.000762	-0.005369	0.005738	0.001509	0.003876	-0.010341	-0.001238	-0.021636	0.001902	0.033377	-0.003555	-0.006506	-0.005670	
-0.158566	0.001755	0.005562	0.000979	0.002484	-0.001271	-0.001718	0.001018	-0.006547	0.000222	-0.003997	-0.018617	0.052706	-0.028294	-0.000957	0.011672	0.000561	-0.008810	0.007281	0.002575	0.011365	-0.001349	-0.000949	-0.005301	-0.002721	0.005882	-0.017049	0.001732	-0.001277	0.001406	-0.004009	0.005917	-0.001292	-0.026730	0.010090	-0.047563	0.007616	0.003910	-0.002559	0.000024	
-0.000402	-0.001933	-0.012502	-0.043262	0.005061	0.033452	0.003591	0.036996	-0.019331	0.016108	0.005961	0.010113	-0.005408	0.055600	-0.064080	-0.000407	0.000198	0.002784	-0.000356	0.009023	0.002786	0.000131	0.000026	0.003340	0.002471	-0.000482	-0.003952	-0.018231	-0.011051	-0.000056	-0.000057	-0.000754	0.001020	0.005511	-0.000757	-0.005660	0.004705	-0.000623	-0.004752	-0.001424	
0.003415	0.021443	0.001437	-0.011465	-0.065230	-0.021564	-0.010815	0.004588	0.022211	-0.008172	0.011608	0.054665	0.029789	0.002892	0.009133	0.017401	0.032570	0.002586	0.000131	0.006318	-0.001974	-0.002351	0.010157	-0.005513	0.017997	0.004495	0.000101	0.013747	-0.015858	-0.004371	-0.005350	0.001316	0.000436	0.006779	0.019673	-0.003667	-0.025882	-0.008372	0.001118	0.003286	
0.000000	-0.013878	-0.002066	-0.001213	-0.013472	0.066645	-0.001449	-0.012787	0.014315	0.003825	-0.011478	0.002682	0.074028	-0.024473	-0.013396	-0.001463	-0.017589	0.000554	0.001971	-0.004350	-0.006322	-0.001996	0.000277	0.002264	-0.000311	0.006611	-0.000212	0.004233	-0.003862	-0.016697	0.001728	0.002448	0.002112	-0.003095	0.005103	-0.009100	0.003788	-0.034908	-0.007000	0.000463	
0.000008	-0.020160	0.004401	0.006714	0.014979	0.037728	0.004776	-0.005130	-0.004591	0.004411	-0.028850	0.001029	0.006513	0.008789	0.000141	-0.002251	0.058796	-0.001166	-0.017751	0.006700	0.007454	-0.005230	0.000627	0.002296	-0.005436	-0.014993	0.004751	-0.006136	0.011996	-0.003080	0.000866	-0.017885	0.000160	0.026659	-0.001335	0.012767	0.000043	0.007594	-0.005008	-0.012468	
-0.000102	0.000042	0.014744	-0.008424	-0.002050	-0.003819	0.003618	0.006838	0.006805	-0.006219	-0.003773	0.004673	0.001400	0.050505	-0.005735	-0.043338	-0.000524	-0.040248	-0.012424	0.001522	0.035200	0.004521	0.010552	0.010189	0.001587	-0.000029	-0.008550	0.021536	0.002972	0.006490	-0.000548	0.003885	-0.003366	-0.004642	-0.009567	0.004531	-0.000308	0.011216	0.006554	-0.000131	
-0.000065	0.007895	0.006642	0.023744	-0.004996	-0.016667	-0.001722	0.011212	-0.001006	0.006413	-0.008309	-0.005661	-0.024532	-0.020157	-0.068846	-0.002967	-0.080051	-0.087829	0.045819	-0.004583	-0.010294	-0.000957	0.022385	-0.006170	0.002967	0.000491	-0.005850	-0.018691	0.017202	-0.000125	0.000000	0.007825	0.002445	0.009615	0.005465	-0.001229	-0.001211	0.006266	0.000096	0.026057	
-0.000014	-0.000264	0.012646	-0.000000	0.023939	-0.007507	-0.003994	0.012390	0.003521	-0.004365	0.041152	0.003739	0.010576	-0.024438	-0.002546	0.012561	-0.007174	0.002828	0.001656	-0.002544	-0.002105	0.000437	-0.000514	0.025549	-0.003070	0.002814	0.013524	-0.003646	0.003178	0.000869	-0.000170	-0.004752	-0.013052	-0.007060	-0.013349	-0.011300	0.001572	0.008657	-0.002175	0.004945	
0.000050	-0.004410	-0.009913	-0.010928	0.001682	0.000465	-0.000041	-0.003157	-0.009576	0.000037	0.006202	0.025576	-0.040743	-0.032196	0.003398	0.001144	-0.035242	-0.001960	-0.001348	-0.006612	0.006312	0.005371	-0.000346	-0.000401	-0.004596	-0.000710	0.000147	-0.001348	0.003866	-0.008372	-0.000607	0.012573	0.001418	0.000818	-0.011580	-0.003333	-0.007259	0.001050	0.001932	0.002734	
0.000004	-0.002234	-0.023647	-0.013577	-0.000822	-0.002481	-0.000400	0.001706	-0.008306	0.029073	0.001865	0.009225	0.000380	-0.012901	-0.021269	-0.022103	-0.053862	0.037164	0.493070	0.004421	-0.003778	0.005966	-0.001511	-0.005502	0.001471	0.005709	-0.000709	-0.004237	0.001668	-0.001064	0.001759	0.012734	0.000079	0.005253	-0.004754	0.001788	-0.003065	-0.006329	0.004847	-0.013421	
0.000084	-0.003901	0.021066	-0.004505	0.009571	0.005930	-0.000820	0.000974	0.001839	0.015716	-0.017619	0.012852	0.038694	0.009732	-0.049556	-0.034200	-0.049098	-0.000698	-0.000043	0.007798	-0.010443	-0.003456	-0.004879	-0.015415	-0.026466	0.010504	-0.004240	-0.002734	0.006076	-0.000402	0.007939	-0.002344	-0.000418	0.000906	0.015871	-0.016909	0.029240	-0.017742	-0.010931	-0.002961	
0.002886	-0.038187	-0.006741	0.005932	0.007008	0.030189	0.000151	-0.068550	0.001021	-0.002131	0.009597	0.000484	-0.008291	0.002480	-0.002722	-0.000267	0.001476	0.005337	0.002189	-0.004114	0.003367	0.006677	-0.001083	0.005441	-0.006523	-0.014620	-0.006783	-0.007716	-0.000911	-0.007512	-0.000732	-0.003491	-0.009198	-0.003758	-0.004298	-0.009268	0.005625	-0.003184	-0.005077	-0.000457	
-0.000041	0.009853	-0.003883	-0.016501	0.019333	-0.006383	-0.000167	0.004055	0.011422	-0.004987	-0.035410	-0.001222	-0.003110	-0.014476	-0.008883	-0.045577	-0.000348	-0.013139	-0.002230	-0.005319	0.003628	-0.001351	-0.017169	-0.006477	0.008087	-0.012395	-0.000544	0.000170	0.001258	0.002832	0.004336	0.010567	0.001285	0.005655	-0.003768	-0.006056	-0.062594	0.009976	-0.002410	0.031271	
0.000012	-0.004712	-0.000093	-0.001561	-0.001452	0.006345	0.002094	0.003506	-0.000837	0.070244	0.001326	0.019633	-0.003094	-0.002930	0.017964	0.273296	0.004435	-0.000367	-0.000807	-0.001020	0.004871	-0.000471	-0.002899	-0.006557	-0.008840	-0.005102	0.009550	-0.006831	-0.005818	0.011070	0.045391	-0.012228	-0.007876	0.012387	-0.006548	-0.032164	0.007108	0.044422	-0.016203	-0.000315	
0.001811	-0.009017	0.005977	0.005614	0.010779	0.010150	-0.044144	-0.010859	-0.030371	0.003048	0.001737	0.003417	-0.089246	0.013987	-0.000453	-0.006531	0.104220	-0.042702	0.000298	0.003940	-0.010101	0.006487	0.011255	-0.000069	0.015827	0.003899	0.007666	0.008197	0.000580	0.030478	0.022345	0.013373	-0.017376	0.000664	0.002145	0.007253	-0.010344	-0.003095	0.010855	0.017438	
-0.362282	0.001194	-0.004653	-0.032057	0.006319	0.008543	0.003505	-0.001900	0.005153	0.000551	0.012770	0.004643	0.006374	-0.046369	0.012604	0.016262	0.005244	-0.000277	0.002038	0.003458	-0.023379	-0.000162	-0.004002	-0.006621	-0.000591	-0.000483	-0.007989	-0.001317	0.002116	0.005983	0.045527	-0.007708	0.006677	0.012533	0.004351	-0.004444	-0.004647	0.030788	0.003004	0.004326	
0.000000	-0.033336	0.005987	0.002432	0.004942	0.005149	-0.019376	-0.021016	-0.001528	-0.002087	-0.002392	0.003702	-0.000221	0.001920	0.062876	0.009476	-0.011716	0.070629	0.002723	0.001067	-0.003613	-0.019285	-0.010123	0.014167	-0.000156	0.002215	0.028557	0.010177	0.002234	0.005633	0.008208	0.009405	0.289340	-0.017103	0.003153	-0.015177	0.035165	0.002713	-0.003112	0.001803	
0.000168	0.000339	-0.011079	0.003837	-0.012303	-0.003919	-0.001474	0.086075	-0.009347	-0.000754	0.000689	-0.011388	0.002501	0.002406	-0.023360	0.099172	-0.017128	0.000751	0.004116	-0.001156	-0.010031	-0.002426	-0.006443	0.003988	-0.010056	-0.013869	0.000251	-0.038189	-0.038877	0.000927	0.007412	0.001661	-0.004379	-0.003519	0.005066	-0.020493	-0.000209	-0.004440	-0.002881	0.009466	
-0.015780	0.014397	0.003286	0.002438	-0.008502	-0.007484	-0.014161	-0.024972	0.012663	0.000020	0.006827	-0.031269	0.005618	-0.007280	-0.001023	0.084091	0.010271	0.018249	0.002424	0.002927	-0.029234	0.005278	-0.009892	0.025272	-0.007308	0.007802	-0.003554	0.003114	-0.005106	-0.009271	-0.000133	-0.005880	0.005176	-0.009854	0.002612	0.004120	-0.001491	-0.006279	0.011342	-0.035985	
-0.000013	0.000084	0.012767	-0.006722	-0.024562	0.000120	0.000283	-0.004257	0.013177	0.025861	0.013682	0.002473	-0.009930	-0.009667	-0.013440	0.000100	-0.000616	-0.000667	-0.008736	0.014431	-0.007300	0.021582	-0.001699	-0.010231	0.006139	-0.011719	0.002499	0.005356	-0.003047	-0.000377	-0.023785	0.006270	-0.013338	-0.006974	-0.009608	-0.049503	-0.000040	-0.015782	-0.001331	-0.012557	
0.000012	-0.009071	0.009535	0.003372	0.010957	-0.007625	-0.001574	-0.007037	-0.002577	-0.008826	0.015224	0.001068	-0.034827	-0.008227	-0.019145	-0.403813	-0.003321	-0.011627	0.002507	0.030420	0.001047	0.006278	-0.000553	0.000833	-0.004076	-0.015606	-0.000904	-0.005314	0.007993	0.000093	-0.013535	-0.005525	0.006426	-0.000506	-0.002751	-0.010562	-0.002228	0.000552	0.005903	0.006652	
-0.036498	0.000061	-0.006831	0.004144	0.062076	-0.016119	0.000587	-0.008228	0.000866	0.016637	0.017243	0.008200	0.037915	-0.080604	-0.038911	-0.088953	-0.007169	-0.006755	-0.001953	-0.000113	-0.013798	-0.000371	0.000073	0.004701	-0.029808	-0.006642	-0.001529	0.002931	-0.008573	-0.000218	-0.000960	0.004589	-0.006380	-0.011163	0.007266	-0.005359	0.001276	0.000616	0.017087	-0.006340	
0.000000	-0.000001	-0.012724	-0.003901	-0.042414	-0.008681	-0.002581	0.011316	-0.014155	-0.003783	0.014211	0.001683	-0.001454	0.006828	-0.070380	-0.014422	0.000235	0.003548	0.031261	0.002332	0.012796	-0.004508	-0.000035	-0.000698	0.000019	-0.011668	0.011979	-0.003524	-0.015624	0.007770	0.006870	-0.004733	-0.007143	-0.003384	0.030818	0.001662	0.007259	-0.011875	-0.020935	-0.005480	
-0.000068	-0.000329	0.002669	0.001684	0.003598	0.000147	-0.000840	0.011764	-0.007846	0.046321	0.017838	0.000151	0.068693	0.004977	0.003512	-0.009375	0.046787	-0.009664	-0.008431	-0.001334	-0.000491	-0.001914	-0.019370	0.002802	-0.006500	0.028748	-0.008758	-0.007049	0.009664	0.002651	-0.000013	0.001624	0.002949	0.006120	-0.006609	0.003152	0.001802	0.010189	0.001885	0.000797	
-0.011826	-0.002230	0.003122	-0.006758	-0.008022	0.000109	-0.000857	0.002679	0.011815	-0.003284	-0.010939	-0.004101	-0.005147	0.024259	0.000428	0.000289	0.004966	-0.001724	-0.013878	0.001952	0.005673	-0.002797	0.005126	-0.006743	-0.009479	-0.005493	0.003164	0.010560	0.000699	0.004713	0.013939	0.000115	-0.012756	0.000644	-0.002878	-0.003213	0.009925	0.001732	-0.000423	-0.009022	
0.000000	-0.000462	0.003336	-0.001375	-0.019059	-0.001136	0.001226	-0.001691	-0.001514	0.068654	0.083111	-0.010458	0.001618	-0.086072	-0.000094	0.106597	-0.000552	0.045509	-0.047748	-0.016556	0.032850	-0.010549	-0.003675	0.012582	0.000950	0.003954	0.009580	-0.013621	0.003873	-0.003055	0.008687	-0.016902	0.002248	0.046616	-0.003125	-0.010174	-0.008818	0.001262	0.000170	0.000900	
-0.366630	-0.000575	-0.014224	0.012959	-0.010829	0.010418	-0.003300	0.005727	-0.005879	-0.000153	0.001575	-0.001890	-0.002470	-0.005827	-0.003102	-0.004594	0.001763	-0.000597	-0.001362	0.003763	0.003657	-0.005674	0.001387	0.011794	0.001261	-0.028156	0.002851	0.012384	0.000091	0.001611	-0.008511	0.000126	0.003051	-0.011058	-0.015658	0.000733	0.000908	0.009777	0.009692	-0.010603	
0.000928	-0.003527	-0.027336	0.010919	-0.004663	0.019525	-0.000322	0.005880	-0.000916	0.003568	-0.009767	0.011579	-0.014906	-0.002351	-0.004484	-0.007861	-0.002229	-0.007261	-0.000433	-0.007182	-0.002559	-0.006316	-0.006887	0.014742	-0.003630	0.002320	-0.014252	0.006181	0.000382	-0.002087	0.007655	0.006297	-0.000118	-0.003383	0.008657	0.003789	-0.001845	-0.007815	-0.001313	-0.009239	
0.000026	0.006097	-0.007514	-0.006078	0.004130	-0.007678	-0.002038	0.003670	0.023328	-0.010950	0.151197	0.004127	0.062010	-0.010025	0.016368	-0.011090	0.006833	-0.002451	0.005941	-0.005638	-0.012368	-0.015993	-0.001898	0.007654	0.006599	0.009621	-0.014195	-0.000248	0.006747	-0.000756	0.010510	0.002648	0.002851	-0.010905	0.041985	-0.003090	-0.002278	-0.002328	0.001754	-0.009986	
0.000112	-0.021659	-0.022320	0.011362	-0.000668	-0.003291	-0.000964	0.041566	0.006062	-0.003259	-0.010590	-0.334216	-0.000815	-0.067215	-0.003139	0.002944	0.003573	-0.000330	0.002505	-0.001487	-0.000784	-0.007701	-0.001349	0.004328	-0.003755	0.001989	0.005812	-0.024799	-0.000292	-0.000143	-0.001317	0.015211	-0.008710	0.003795	-0.015185	-0.000026	0.015679	0.002186	-0.015667	0.029516	
-0.000052	0.000241	-0.008146	-0.010035	-0.002643	-0.000900	0.010239	0.022840	0.006366	0.006936	0.062125	-0.009352	0.000093	-0.081441	0.000566	-0.006574	-0.003363	-0.013390	0.033905	0.010357	-0.014939	0.002587	-0.000508	-0.000321	-0.005286	-0.014812	-0.005229	0.017481	-0.011505	0.006821	-0.000467	-0.003956	0.004764	-0.001189	0.010885	0.000560	0.004018	-0.007065	0.003369	-0.003273	
0.000001	0.012905	-0.023293	0.015343	0.016299	0.008862	-0.005588	0.004086	0.004667	0.011950	0.019948	0.002165	-0.002315	0.002709	0.000901	0.002101	0.001689	-0.012233	0.005848	0.006916	-0.004957	0.004120	0.000328	-0.008764	-0.004105	-0.004804	0.005918	-0.016940	0.001306	0.005312	0.005011	0.003539	-0.006017	-0.000312	-0.001395	-0.004156	-0.011528	0.001193	0.013709	-0.004492	
0.000000	-0.018923	-0.000893	-0.013748	0.011252	0.004465	-0.002616	0.083101	-0.002714	-0.005008	-0.020486	-0.001364	0.047441	0.026464	0.003040	0.078518	0.003675	-0.016648	-0.007333	0.018106	-0.012766	-0.000193	-0.000847	0.002271	0.003493	0.000323	-0.018872	0.006887	-0.005181	0.000192	-0.004901	0.000186	-0.005322	0.004564	0.004174	-0.004154	0.012300	0.033658	0.004155	-0.008293	
-0.000235	-0.016917	0.001101	-0.012531	-0.006997	-0.000912	-0.015536	-0.002788	-0.004314	-0.043398	-0.007678	0.011005	-0.031549	0.013004	0.016416	-0.030654	-0.008318	-0.063529	0.000672	-0.015187	0.005326	-0.002740	0.000367	0.018187	-0.000109	-0.009542	-0.006789	-0.001421	-0.009212	0.003667	-0.003112	0.047644	0.000819	0.000379	0.010557	-0.045879	-0.037738	0.012414	0.003499	-0.003398	
0.000094	0.003602	-0.034383	-0.005507	-0.019105	-0.012537	-0.013190	0.009014	-0.022928	-0.018063	0.004727	-0.008870	0.075700	0.004259	0.000635	-0.005814	0.011936	-0.002028	-0.001039	0.010845	0.001564	0.001480	0.003190	-0.001726	-0.002602	0.002764	0.002576	-0.003068	-0.000933	0.000632	-0.002070	-0.000328	0.001243	-0.008406	-0.002995	0.002129	-0.002544	0.005313	-0.040236	0.024082	
