-0.009193	-0.000296	0.002515	-0.018145	0.022170	-0.023438	-0.034458	0.009282	0.001546	-0.007800	-0.013369	-0.009057	0.026594	-0.001297	-0.003517	0.003350	0.002284	-0.001758	0.000639	0.009080	-0.002988	0.001486	-0.015628	0.031079	0.003991	0.017640	-0.001323	0.000752	0.012553	-0.003200	0.000982	0.005134	0.001843	0.043424	0.011368	-0.016845	-0.025829	-0.019726	0.010939	0.006086	
-0.022689	0.000176	-0.000959	0.014299	0.002286	-0.001967	-0.007920	-0.017490	0.017608	-0.008861	-0.004655	0.757706	0.000463	0.043418	0.008972	-0.056406	-0.003015	-0.001720	-0.011971	-0.003335	0.014501	0.002446	0.004399	-0.008072	0.002240	0.012289	0.012725	0.000164	0.008268	0.000956	-0.010321	0.025304	0.001121	-0.013718	-0.003834	0.002309	0.014410	-0.009994	0.013107	0.001779	
-0.000000	-0.000728	0.014640	-0.001872	-0.021417	0.009528	0.078446	0.000302	0.000113	0.004096	-0.002425	0.041766	-0.019850	-0.014141	0.002656	-0.002044	-0.010268	-0.082986	0.004369	-0.005712	-0.009037	-0.006036	-0.005586	-0.014873	0.003946	-0.002208	0.000114	0.018499	-0.023122	-0.002353	0.014453	0.002959	-0.020446	-0.005073	0.009242	0.001934	-0.029392	-0.004507	-0.007243	0.003478	
0.000055	0.012473	-0.005952	-0.001731	-0.000236	0.017481	0.014635	0.001816	0.003024	0.014980	-0.036686	-0.002875	-0.003565	0.015551	0.019877	-0.002573	-0.007863	0.013112	-0.004966	-0.006274	-0.033178	-0.002360	0.000149	-0.000497	-0.007083	-0.008096	-0.000785	0.005026	0.011427	0.011991	-0.000951	-0.005437	-0.001117	-0.013099	-0.003862	0.000608	0.002631	0.001991	0.002076	0.014069	
-0.000603	-0.001357	-0.010545	0.000830	-0.014572	-0.006429	-0.002936	-0.002489	-0.010660	0.007065	0.000459	0.013682	-0.004880	-0.030440	-0.010278	-0.005771	0.014768	0.020924	-0.018259	0.000508	-0.000893	-0.009321	-0.002841	0.004243	-0.004461	-0.001067	-0.010631	0.000000	0.001940	0.001943	0.004887	0.002010	-0.020901	0.012700	0.008798	0.000598	0.002840	0.010541	0.009922	-0.002869	
0.013710	0.013186	0.003703	0.006301	0.015367	0.008367	0.015603	-0.005717	-0.020662	0.004557	0.006163	-0.002712	-0.013949	-0.018744	-0.007877	-0.004343	0.064524	-0.007232	-0.004201	-0.006091	-0.001007	0.006904	0.008317	-0.000775	-0.015394	0.018081	-0.007899	0.000027	0.001589	-0.007169	0.005468	-0.001907	-0.000168	0.012768	0.055982	0.005031	-0.004702	-0.000475	-0.016310	0.012710	
-0.320910	-0.038952	-0.002155	-0.014071	-0.000467	-0.012691	-0.000216	0.000153	-0.002784	-0.000412	-0.015893	-0.002105	-0.036644	0.002621	0.003996	-0.012271	0.039696	0.007636	0.004794	-0.008115	0.008110	-0.000342	0.002906	0.010545	-0.002542	-0.030073	0.005049	0.001473	-0.009602	-0.008440	0.008166	-0.002182	-0.000383	-0.005447	0.005876	0.017535	-0.003921	0.000581	0.030345	-0.004672	
-0.324470	0.010365	-0.010158	-0.004272	-0.005706	-0.009121	-0.019694	0.004305	-0.000134	-0.044133	-0.000343	0.008432	0.005625	0.168675	0.026435	-0.012893	-0.004677	0.001889	0.002404	-0.001033	0.011884	0.000167	0.014159	-0.007159	0.003767	0.001722	0.008885	0.015846	0.004052	0.003678	-0.007295	0.003784	-0.011860	-0.002786	0.019078	0.003523	-0.008209	0.037752	0.006021	-0.002219	
0.000726	-0.005818	0.025840	0.002942	-0.001385	-0.009950	0.051164	-0.005093	0.021283	0.004833	0.001777	0.001795	-0.014744	-0.001947	-0.079536	-0.007688	-0.000080	0.004407	-0.000554	-0.005846	0.002004	0.011359	0.000326	0.006183	0.001136	-0.000780	0.008296	-0.004264	-0.002997	-0.001283	0.004061	0.001012	-0.010880	0.003901	0.016839	-0.018546	-0.008571	0.000320	-0.025520	0.010981	
0.016338	-0.004813	-0.000795	-0.008732	-0.009708	0.006134	0.011606	-0.001109	-0.001215	0.003866	0.053863	-0.015502	-0.021066	-0.002776	-0.001803	-0.009504	-0.011924	0.000558	-0.002120	-0.000706	-0.001388	-0.016050	0.007920	0.004197	-0.009370	-0.002415	0.007349	-0.010155	0.008097	-0.124922	0.000947	0.013048	0.006376	-0.030215	0.004724	0.001616	0.002509	0.026537	-0.019743	0.042395	
0.000065	0.004642	0.007210	-0.007621	-0.006477	0.004378	0.025855	-0.059106	0.001101	-0.000625	-0.003663	0.013280	0.001803	-0.010508	-0.024854	-0.015276	-0.019910	-0.029100	0.000456	0.004089	0.002807	-0.004294	0.007106	-0.011990	-0.002251	-0.005843	0.002648	0.012813	-0.014685	-0.000023	0.004193	-0.005110	-0.001423	0.004944	-0.000729	0.009536	-0.010891	-0.002505	-0.003814	0.025635	
0.000051	-0.002277	-0.010067	-0.009394	-0.011153	0.001626	-0.015814	-0.015594	-0.001656	-0.003398	-0.003397	0.001848	0.000663	-0.053029	0.013025	0.020166	-0.056290	-0.000956	0.003726	0.007266	0.001872	-0.006674	0.010383	0.000979	-0.002582	-0.001180	0.001676	-0.004992	0.000267	0.002342	-0.034757	0.004177	-0.005904	0.011363	-0.003426	-0.004174	-0.000724	0.001737	-0.000353	0.025997	
0.000000	0.000212	0.014334	0.002614	-0.002597	0.012093	0.035603	0.008304	0.003998	0.029243	-0.004414	-0.005771	0.003453	-0.138721	-0.000771	0.548952	-0.005737	-0.003460	0.002430	0.006800	-0.005285	0.000118	0.000017	-0.001925	-0.010089	0.001730	0.007073	-0.018446	0.003488	-0.008580	-0.002630	0.013394	0.003660	0.026336	0.000309	0.000980	-0.001838	-0.010706	-0.009697	-0.004517	
0.001474	0.003727	0.004065	-0.002663	0.024568	-0.004536	0.018745	-0.000285	-0.005581	0.010170	0.082573	-0.071362	-0.011041	0.001298	0.006525	0.000329	0.027426	0.001138	0.001222	0.000995	0.014019	-0.001241	-0.006815	0.002074	-0.009886	-0.013648	-0.005060	-0.001675	0.002450	-0.002911	0.002474	0.004160	0.000253	0.010479	0.004166	0.006038	-0.000015	0.014269	-0.014008	0.007024	
-0.000503	0.059637	0.014607	-0.016517	-0.024096	-0.003452	0.033532	-0.000191	-0.004081	0.008174	0.003022	-0.012322	-0.050585	0.004307	-0.025634	0.025621	0.078770	-0.004646	-0.009173	-0.004057	-0.003297	0.000539	0.000812	0.001908	-0.004853	0.006519	-0.005101	0.008741	-0.002256	-0.004199	-0.006165	0.011369	-0.000351	0.007835	0.003366	-0.006029	-0.003890	0.006037	-0.012272	-0.002463	
0.000012	-0.021757	0.003954	-0.016979	0.000085	-0.001013	-0.008727	0.000744	0.008801	0.019072	0.003277	-0.008480	0.007407	0.001017	-0.004219	0.009845	0.001595	-0.013775	0.001395	0.037512	0.000715	0.010444	-0.001177	-0.004220	0.007024	0.012997	-0.007974	-0.006480	-0.007680	0.008492	-0.014571	-0.000865	-0.012549	-0.006820	-0.013158	0.026287	0.009590	0.007557	-0.004491	0.001621	
0.000045	-0.024619	0.002670	-0.029142	-0.033625	0.014262	0.002100	0.002043	0.000959	0.063457	-0.004756	0.124105	-0.019278	-0.409680	-0.000830	0.008525	-0.002697	-0.066534	0.004902	-0.012525	-0.006487	-0.002796	0.006074	-0.002813	0.009294	0.003720	-0.011970	0.055395	-0.004963	-0.008019	0.019718	0.008334	0.009326	0.006778	-0.007232	0.023752	-0.004119	-0.009732	0.000763	0.002376	
-0.000807	-0.006477	-0.006416	0.000069	0.001707	-0.000014	-0.000515	-0.018769	-0.021501	-0.009504	-0.007800	-0.051451	0.006957	0.004660	-0.004905	0.000484	0.011844	0.007086	-0.030991	0.001882	-0.010892	0.010144	-0.002942	0.003807	0.007588	-0.028638	-0.000088	-0.005603	0.001882	0.006071	-0.001991	-0.000236	0.014518	0.001830	0.090537	-0.015902	0.006547	0.003692	0.008102	-0.025642	
0.012121	0.016581	0.003815	0.003562	-0.028097	-0.000235	0.017749	-0.000557	0.001409	0.001028	0.003655	0.004732	0.049122	-0.016201	-0.074105	0.029844	0.002380	0.021338	-0.007656	0.000662	0.000768	0.009419	-0.009625	0.008950	0.014058	0.008051	0.003092	0.005154	-0.007396	-0.002281	0.002091	0.014540	0.010814	0.000219	0.004371	-0.000693	0.002887	0.000804	0.006481	0.009228	
0.000021	0.000294	0.000998	-0.001426	0.016775	-0.002167	0.006279	0.002055	-0.009841	-0.040131	0.006233	-0.006791	0.000805	0.027165	0.008115	-0.037193	0.042317	-0.011776	-0.030153	-0.009024	0.000232	-0.002249	-0.021191	0.001889	0.000780	-0.002091	-0.014139	-0.006940	0.023728	0.003786	0.008633	0.002793	-0.000686	0.000112	0.007209	0.010977	-0.029946	-0.015846	0.011775	-0.008992	
0.000634	0.000385	-0.014570	0.003505	-0.010560	-0.006095	0.000711	0.003570	-0.017755	0.000263	-0.017070	-0.002347	-0.022611	0.002357	-0.018681	-0.006914	-0.000538	-0.006234	-0.002006	0.007423	-0.009634	-0.000287	0.001741	0.000201	0.003530	0.007220	0.000200	-0.000413	-0.021745	0.014176	0.008520	-0.002454	0.012674	-0.001251	0.011775	-0.005198	0.002729	0.007288	0.018357	0.003613	
0.000000	-0.010423	-0.004482	-0.016242	-0.005390	0.000677	0.013393	-0.006654	0.009353	-0.011814	-0.006470	-0.056627	0.024892	0.004148	0.108649	0.039824	0.003742	0.004592	-0.002912	0.009774	0.003926	0.020874	0.012036	0.008310	0.000664	-0.008512	-0.000898	-0.007376	0.001362	-0.015873	-0.004519	-0.009141	0.004215	0.001078	-0.020496	-0.011941	-0.000311	0.009476	-0.010559	0.001322	
-0.000000	0.008462	0.030456	0.012131	-0.019020	0.005264	-0.001332	-0.000704	-0.014873	0.015222	-0.162016	-0.000485	0.050609	-0.010381	-0.002845	-0.002873	-0.012448	-0.008000	0.040132	-0.009335	-0.007506	0.006443	0.011994	-0.000152	-0.004344	-0.003357	-0.013396	-0.000090	-0.007381	0.013640	-0.003743	0.013748	-0.001691	-0.003024	-0.014327	-0.004872	0.008880	0.036446	0.038253	-0.026703	
-0.005296	-0.000473	0.001105	-0.003277	0.017195	0.005877	-0.004347	-0.002527	-0.000184	0.001281	-0.014663	0.015000	0.020362	-0.005876	0.001537	-0.058522	0.051175	0.006581	-0.000483	-0.009486	0.020115	0.010515	-0.003590	0.001631	0.014595	-0.014915	-0.009464	0.007059	0.000698	0.000999	0.001425	-0.004824	-0.007011	0.001862	0.004442	-0.001355	0.003672	0.012168	0.004548	0.003471	
-0.004997	-0.037085	-0.024225	0.002982	-0.004941	0.065239	-0.000001	0.045261	-0.024593	-0.001329	0.113200	0.019438	0.015908	-0.005812	0.124286	-0.011140	0.006436	0.056077	0.003721	-0.003842	-0.020960	-0.005028	0.008856	0.040858	0.015420	-0.001953	0.015837	0.004197	-0.015969	0.001310	-0.000741	-0.023518	-0.002563	0.000889	-0.006908	0.009973	0.027909	0.001903	0.010359	0.028704	
0.000025	0.005364	-0.005006	-0.000762	-0.024995	0.005790	-0.098326	-0.004433	0.001358	0.002581	-0.000648	0.008194	-0.018662	-0.051676	0.006507	-0.097514	0.000324	0.015665	0.033524	0.003330	0.002423	-0.024985	-0.007993	-0.003615	0.012117	0.010170	-0.028617	-0.000463	0.015832	0.003753	0.015292	0.013387	-0.001416	0.006217	-0.008155	-0.002771	-0.003592	-0.010049	0.001108	0.005508	
0.000000	-0.001657	0.000962	-0.000343	0.006105	0.021731	0.003298	-0.033460	0.014580	-0.005980	0.016557	-0.000308	-0.000476	-0.002586	-0.007886	0.000788	0.065487	-0.007496	0.006728	0.006113	0.000528	0.000155	0.008670	-0.004344	0.000483	0.003755	0.001412	-0.007124	0.002257	0.005132	-0.000595	0.011171	-0.010068	0.006005	-0.000125	0.002891	0.008649	0.007371	-0.007173	-0.011439	
0.000044	0.012501	0.004557	0.000191	0.004549	0.006191	0.002906	0.001191	-0.003370	0.003597	0.002729	0.018141	-0.039937	0.002065	0.008320	0.002467	0.011749	-0.008781	0.033504	0.013530	-0.002111	0.008075	-0.011401	0.000721	0.001233	0.005531	-0.002332	-0.001571	-0.008415	-0.005871	-0.011561	-0.006658	0.007925	0.001363	0.000585	0.009238	0.002963	0.026255	-0.004160	0.042041	
-0.000014	-0.002349	0.000501	0.023728	-0.000354	0.008055	-0.003995	0.053823	0.010339	0.020563	0.026477	0.003516	0.014100	-0.014878	0.036027	0.009142	-0.018120	0.001234	-0.003816	0.006946	0.000262	-0.005070	-0.000305	0.008045	-0.010275	-0.013161	0.004300	-0.006285	-0.002094	-0.011448	0.007085	0.000854	0.020919	-0.001404	0.011889	-0.003582	0.006506	0.006651	0.010848	0.004474	
-0.000006	0.018412	0.015563	-0.024795	0.001245	0.003309	-0.007164	-0.001090	-0.000153	0.006077	-0.005383	0.002169	-0.073774	0.012576	-0.000379	0.000942	-0.000236	-0.005628	0.000085	-0.005517	-0.010759	0.023412	0.007978	0.012516	-0.002382	-0.009594	-0.005025	0.000382	0.016743	-0.020369	0.000669	0.015720	-0.011000	-0.003243	-0.030146	0.002444	0.028608	0.004552	-0.008260	0.023680	
-0.000049	0.004338	-0.003580	0.012732	0.010282	0.000263	0.013684	-0.011240	-0.001565	0.005291	-0.004057	-0.007640	-0.002185	0.008637	0.011503	-0.004605	0.017368	-0.011709	-0.000537	-0.000809	-0.003260	-0.009099	-0.004196	-0.030954	0.005534	0.002779	0.001132	-0.005120	-0.009606	-0.011907	0.000264	-0.006244	0.004449	0.007181	0.001092	0.008157	0.006300	0.042009	0.009903	-0.041372	
-0.000022	0.001699	-0.000258	-0.014272	-0.004984	0.019486	-0.018558	-0.002938	-0.000326	0.244220	-0.000543	0.002322	-0.005024	0.002517	-0.002918	0.047584	-0.011463	0.005906	-0.002863	-0.002897	0.001855	0.005318	0.013394	0.016582	0.003315	-0.009585	-0.010268	0.003637	-0.002739	0.007184	0.002856	0.000982	0.000937	0.001995	-0.005234	-0.006222	-0.010669	-0.006722	0.013191	0.009062	
-0.000020	0.002459	0.001553	0.011304	0.016568	0.007139	0.020769	0.030020	0.005153	-0.000008	-0.014579	0.017548	-0.006705	-0.010402	-0.053844	-0.000601	-0.001079	-0.003616	0.000604	-0.003691	-0.001946	-0.000683	0.010087	-0.003448	0.001907	-0.007591	-0.001603	-0.009122	-0.007261	-0.005233	-0.005512	0.010876	-0.006097	-0.011628	0.004224	0.033762	-0.006367	-0.003654	-0.000067	0.013633	
0.000018	-0.019143	-0.004258	0.000001	-0.018764	-0.128995	-0.002576	-0.089562	0.001298	0.003305	0.000481	0.018078	-0.001907	0.009795	-0.001534	0.000355	-0.001256	-0.001067	-0.005534	-0.003128	0.014375	0.002988	0.013456	0.005538	-0.002828	-0.002615	-0.003171	-0.000771	-0.011603	-0.003701	-0.002411	-0.008404	-0.021781	-0.000069	0.022590	-0.001974	-0.015360	-0.001028	0.003652	0.022153	
-0.000001	-0.006784	-0.004786	-0.044024	0.007960	0.003451	0.018571	0.017640	-0.003499	-0.006289	-0.003740	-0.007051	0.000399	0.000131	-0.089836	0.000393	0.002881	-0.029140	0.000000	-0.019020	0.003207	-0.019412	0.004008	0.012340	0.000198	-0.017346	0.003306	-0.019433	-0.001415	-0.004107	0.009987	0.015291	-0.004301	-0.013041	-0.000970	0.003162	0.002698	0.002258	-0.009991	0.005893	
0.024996	-0.000830	0.014628	-0.027261	0.007327	0.048701	0.000763	0.004389	0.002199	0.002068	-0.010237	0.002473	-0.008452	-0.099212	-0.002135	-0.064531	0.008865	0.000106	-0.017394	0.002996	0.006701	0.002976	0.007844	-0.005703	0.000751	0.009237	0.004784	-0.000469	-0.000754	-0.004774	0.005033	0.008615	0.012522	0.001023	0.010204	0.003028	0.005978	0.002703	0.007278	-0.017700	
0.000373	0.009552	-0.003541	-0.011500	-0.001966	-0.001401	0.010122	0.002564	-0.007885	0.005276	-0.015913	-0.003819	0.006170	-0.004674	0.000940	0.004577	0.013524	-0.087717	0.051848	-0.002963	0.015598	-0.008161	0.000268	-0.000901	0.000844	-0.009598	-0.000832	-0.000094	-0.008286	-0.004680	-0.012883	-0.000697	0.000539	-0.045432	0.008818	0.000058	0.004529	0.002478	-0.001635	-0.010505	
0.000190	-0.001554	0.021097	0.005593	-0.020235	0.021891	-0.004115	0.011583	0.036441	-0.002237	-0.001510	-0.008909	-0.000628	-0.008275	0.001097	-0.016441	-0.019570	-0.508741	-0.108716	0.004625	0.019825	0.002534	-0.002920	-0.001790	0.001447	0.000443	-0.012443	0.007991	0.002453	0.007118	-0.032227	-0.002082	-0.004382	0.002010	-0.005777	-0.012617	-0.014248	-0.000456	-0.001134	-0.028871	
-0.000715	0.004104	0.027708	-0.016819	0.002653	0.022051	0.015076	0.010420	0.016382	-0.003988	0.006016	-0.061110	-0.011576	-0.171043	0.009655	0.001246	0.000161	-0.046052	-0.001229	0.009802	0.002475	-0.000877	-0.004226	0.025014	0.001231	0.015500	-0.012711	0.003395	0.001461	-0.026006	-0.004490	-0.016241	0.017030	-0.003499	-0.010040	-0.023782	-0.003090	-0.000789	-0.002257	-0.003315	
-0.000097	-0.047500	-0.003652	-0.020838	0.000246	0.002810	0.016332	-0.013595	-0.008374	-0.001055	-0.016809	-0.005521	0.000147	0.003894	-0.012935	0.003799	0.000222	-0.001210	0.042458	-0.002776	-0.000799	-0.003776	-0.000795	0.000143	-0.001404	-0.003335	0.003521	0.006077	0.001027	0.005677	-0.010990	-0.000310	0.001118	-0.000431	0.000638	0.005666	-0.014244	-0.022722	-0.004001	0.005357	
-0.000127	-0.013862	0.009133	0.000408	0.023148	-0.045014	-0.000275	-0.012096	-0.030719	-0.019371	-0.053250	0.013022	-0.006877	0.002449	0.006314	0.002972	-0.004017	-0.000700	0.007079	0.005820	-0.005535	0.013130	0.006907	-0.008637	0.003444	0.005127	0.004599	0.003048	-0.008009	-0.021994	-0.004899	-0.003387	-0.001683	-0.004037	0.011955	-0.010929	0.004393	-0.024110	-0.009197	-0.000939	
-0.000075	0.007402	-0.007808	0.011184	0.023054	-0.059493	-0.029510	0.002953	0.008336	-0.006668	0.000300	-0.006125	0.022566	-0.004101	0.030989	-0.113803	0.008982	0.002411	-0.000647	-0.000909	-0.002862	0.014983	-0.008836	-0.005742	0.004728	0.012671	0.001023	-0.013547	-0.002481	0.015323	-0.014737	0.005753	-0.032647	0.006144	-0.012366	0.010352	0.008891	-0.028149	-0.006883	-0.011159	
-0.000123	0.003046	-0.002457	-0.000990	-0.000015	-0.022167	0.014667	-0.005918	0.001980	-0.052967	-0.097828	-0.114814	-0.008824	-0.100916	0.003442	0.043418	0.034193	0.006968	0.000167	-0.000870	0.001771	0.007596	0.006838	0.018196	0.005893	-0.000412	-0.007276	-0.002257	-0.003844	-0.009418	0.010469	-0.000082	0.000197	0.027722	0.001367	-0.018282	-0.000302	-0.001409	-0.003266	0.001098	
0.000053	0.008019	-0.008392	-0.001349	-0.059018	-0.001939	0.003004	0.001638	-0.012237	-0.003497	-0.001218	0.003103	0.126560	-0.074713	0.105677	-0.001335	0.008466	0.010330	-0.000626	0.000394	-0.014283	-0.006066	-0.004254	-0.003989	-0.012965	0.004294	-0.020969	-0.000195	-0.042697	0.000763	0.000587	0.008578	-0.002682	0.002193	0.000853	-0.004511	-0.009439	-0.004840	-0.003816	-0.000661	
-0.000073	-0.000451	-0.011732	-0.009685	-0.002582	-0.000302	0.007417	-0.001678	0.009632	0.001121	-0.008393	0.000196	0.000041	-0.063925	-0.000135	0.005833	0.023049	-0.049776	0.019443	0.039384	0.001525	-0.009893	0.001335	0.007024	-0.014376	0.003260	0.001039	-0.004701	0.004113	0.004001	-0.000266	0.003822	0.009367	-0.003393	-0.006027	-0.003340	0.000650	0.004890	0.003232	-0.009292	
-0.000062	0.004431	-0.004247	-0.044900	0.021671	0.004497	0.008960	-0.000106	0.018064	-0.025213	-0.009620	-0.008398	-0.009998	0.000785	0.001766	0.003853	0.010715	-0.005670	0.010296	0.003189	-0.002469	0.003497	0.001073	-0.015489	-0.003007	-0.014791	-0.000742	-0.019780	0.017357	-0.012632	0.035065	-0.015872	-0.006929	0.000387	0.005008	0.003931	0.003876	-0.000315	0.009376	-0.000188	
0.000072	0.026380	-0.008172	0.016674	0.007080	-0.003903	0.002318	-0.011713	-0.000001	-0.002394	0.011533	0.000970	-0.003721	-0.006023	-0.003383	-0.163110	0.009898	-0.000056	0.000810	-0.007132	0.006269	-0.021918	0.005220	0.005412	-0.006158	-0.006006	-0.004093	0.008867	0.000589	0.005651	0.001386	-0.010200	0.001053	-0.001432	-0.003231	0.004442	-0.002640	-0.000365	-0.016278	0.010022	
0.002403	-0.036050	0.000233	-0.004811	-0.003420	-0.006442	-0.000197	0.010532	0.011440	0.009128	0.003526	-0.009385	0.013223	-0.007967	0.001160	-0.006823	-0.019106	0.002863	-0.012564	0.041135	0.002001	0.008306	0.000859	-0.006149	-0.006008	0.000665	0.017597	-0.028453	0.003295	0.002866	-0.006244	0.013521	-0.003256	0.003964	0.009202	0.009888	-0.009861	0.014180	0.008611	-0.008974	
0.000731	0.011447	0.005452	0.006446	0.038530	0.005786	0.005779	-0.002924	-0.000574	0.002016	-0.018006	-0.012766	-0.004047	-0.314560	-0.029552	-0.003547	0.001950	-0.020508	-0.012271	-0.003049	-0.019264	0.001794	0.003014	0.000397	0.010074	0.008340	-0.000342	-0.003456	-0.002789	0.004062	0.020488	-0.009557	0.000351	-0.003380	0.006236	-0.013683	-0.005077	0.004478	-0.009322	-0.006833	
0.000042	-0.031741	0.017413	0.019309	0.000331	0.003665	-0.032748	-0.025078	-0.000009	0.000757	-0.009294	-0.001032	-0.004053	0.004891	0.004757	-0.035231	0.004494	0.030230	0.005285	0.003196	-0.010919	0.002253	0.011436	0.002990	-0.014223	-0.013012	-0.023757	0.012665	0.001893	-0.000650	0.008792	0.002132	-0.005912	-0.001955	-0.019467	0.001751	-0.004194	0.006856	-0.022648	-0.006349	
0.000002	0.001336	0.006316	-0.013524	-0.005757	0.005725	0.009339	-0.003722	0.017593	-0.028274	0.002106	-0.004083	0.016524	0.083888	-0.007087	-0.241914	-0.009359	-0.022639	-0.006243	0.005525	-0.001415	0.007133	-0.000669	0.001892	0.001645	0.007503	0.005128	-0.000419	0.001595	-0.000785	0.005369	0.001867	-0.008942	0.000000	-0.011756	-0.005723	-0.016375	0.011449	0.012304	0.001119	
-0.000130	-0.000036	-0.000049	-0.002842	0.004700	-0.008224	0.001107	-0.006872	-0.000265	-0.010576	0.000724	0.003500	0.003207	0.010501	0.019132	0.059781	-0.005035	-0.051858	-0.000404	0.002243	0.002732	-0.007320	-0.004515	-0.000172	0.000909	-0.001300	-0.011607	0.031397	0.001594	-0.008150	-0.019710	-0.001323	0.003902	-0.001866	0.001458	0.006045	-0.015073	0.003684	0.002344	0.002479	
0.000114	0.010908	-0.003509	-0.001253	0.032101	0.000333	-0.002616	0.007987	0.007349	-0.057550	-0.026479	0.004885	0.000264	0.020575	0.003402	-0.003594	-0.004164	0.011410	-0.037316	0.010532	-0.012216	-0.000571	-0.001224	-0.000140	-0.000369	-0.004603	0.000992	0.000306	0.000002	-0.004221	0.009270	0.003344	-0.016286	-0.005387	-0.001260	0.003168	0.005179	0.000987	-0.006762	0.013714	
-0.000091	0.024036	0.010169	0.011858	0.000264	-0.013912	0.002355	-0.000114	-0.002424	-0.001781	0.003936	-0.009745	-0.016387	-0.014855	-0.094366	0.005192	-0.001721	-0.004533	0.009337	-0.000930	-0.007556	-0.000826	-0.001762	-0.004568	-0.006100	0.010737	0.033918	0.002015	0.008793	0.002717	-0.001632	-0.001312	0.012619	0.009692	-0.003567	-0.012371	0.004495	-0.000872	0.000309	0.005730	
0.000176	-0.002692	0.005844	-0.033807	0.000842	0.017117	0.002414	0.015424	-0.009300	0.006156	0.012917	0.009713	-0.046774	0.000650	-0.005524	0.000066	-0.007182	-0.000355	-0.001792	0.002830	-0.002869	0.003688	0.014329	-0.003468	0.009707	-0.002800	-0.001662	-0.007075	-0.003234	0.000449	0.020977	0.008813	0.005949	-0.008075	0.000521	-0.011773	0.029710	-0.000611	0.002287	-0.018239	
-0.000187	-0.000001	-0.030759	-0.016247	0.001199	0.022783	0.002634	0.014501	0.007386	0.010923	-0.006726	-0.003865	-0.025903	-0.023216	0.184323	0.002822	-0.056348	0.001420	0.014890	-0.001168	0.025354	-0.000244	-0.010110	0.004402	0.007760	0.008210	-0.012757	0.011787	0.005600	0.010878	0.000714	-0.004007	0.027006	-0.005461	-0.000043	-0.020348	0.009417	0.001804	0.000038	0.041420	
-0.002386	0.010941	-0.014783	0.021285	0.000328	-0.030946	0.083548	-0.015459	-0.037931	-0.117668	0.004900	0.004129	0.025610	0.001769	0.004491	0.008476	-0.089608	-0.006047	0.000278	-0.006908	-0.014155	0.002496	0.004566	0.005108	-0.010206	0.005488	-0.000773	-0.002414	0.007527	-0.000439	-0.004859	0.001654	0.014429	-0.002514	0.005643	-0.029517	-0.002722	0.017648	-0.000082	-0.040605	
0.000019	0.010780	0.008645	-0.005562	0.000016	-0.038101	0.000196	-0.007074	0.000743	0.002539	-0.010124	-0.037901	0.007918	0.011267	0.011913	-0.474271	0.006906	-0.004079	0.000265	-0.001252	-0.004168	0.011751	-0.012495	0.000692	0.005974	-0.003454	0.034353	-0.004638	0.012333	0.005637	0.015208	-0.013847	0.000105	-0.019720	-0.000084	-0.000965	0.001877	-0.009996	0.010812	-0.009954	
0.000113	-0.030046	0.018489	-0.008395	0.005804	0.019506	-0.013013	0.078052	-0.007875	0.000665	0.013414	-0.000507	0.001296	-0.012008	-0.120068	-0.002126	0.002217	0.000260	-0.009503	0.001693	-0.006304	0.008786	-0.002113	0.004701	-0.006274	0.001765	-0.000698	0.005943	0.002629	0.001209	0.008667	0.004624	0.020242	0.006203	-0.027424	0.007759	-0.011473	-0.017177	0.000479	-0.000816	
0.000132	0.001445	-0.000009	0.024705	-0.034500	0.007129	0.016773	-0.061891	0.007297	-0.044851	-0.014542	-0.000727	-0.001392	0.014193	-0.035733	0.030078	0.001374	0.000658	-0.012016	-0.000773	-0.013777	0.008327	0.002135	0.024629	-0.011631	0.006432	0.002265	-0.019509	-0.005011	0.001463	-0.003110	0.000960	-0.011379	0.001822	0.000923	0.006507	-0.001630	-0.014790	0.004272	0.003302	
-0.000108	-0.002660	0.027794	-0.000389	0.001463	-0.022245	0.000309	0.000348	-0.002624	0.003399	-0.000103	-0.042511	0.001694	0.003194	0.007802	0.006687	-0.006286	-0.000953	-0.002255	0.039419	-0.003637	0.003039	0.025729	-0.007992	0.000389	0.003041	-0.005755	0.007850	0.010756	-0.006491	-0.001680	-0.008075	-0.002808	-0.003252	-0.001293	-0.002829	0.002791	-0.013622	0.007518	-0.005477	
0.000000	-0.000432	0.003701	0.002617	-0.016022	-0.024993	-0.003412	-0.006058	-0.009068	-0.001490	0.011630	-0.008406	0.002531	0.014553	-0.001993	-119551.133350	-0.004636	-0.000239	0.003255	-0.003849	-0.012101	0.007499	0.001668	0.009388	0.001258	0.001288	0.002172	0.005991	0.003414	-0.000954	0.002672	-0.015831	-0.001501	-0.003432	-0.000187	0.001603	-0.003696	0.003925	0.045254	0.001690	
0.000133	0.012843	-0.003573	-0.001858	-0.015606	-0.012853	-0.008359	-0.015425	-0.515538	-0.000490	-0.002103	0.000200	-0.005124	0.069192	-0.003896	-0.003933	-0.004927	0.005506	0.047594	-0.002174	-0.006018	-0.005626	0.003125	-0.016102	0.005197	-0.003885	-0.005700	-0.016960	-0.008223	0.003002	-0.000564	-0.000875	-0.000055	0.000843	-0.004572	0.001843	-0.004918	-0.001854	-0.001953	0.000180	
-0.000280	0.003134	0.012612	0.004582	0.000887	-0.000043	-0.025431	0.020586	0.007100	-0.008920	-0.033268	0.001084	0.024557	0.062147	0.001523	0.016691	0.003268	-0.000173	0.005725	0.001684	-0.002367	-0.000621	0.001583	-0.024325	0.009798	0.001594	0.001922	-0.002925	0.005526	-0.008165	-0.008728	-0.004525	0.001789	-0.016617	0.013976	-0.000409	0.005388	-0.000141	0.045705	-0.017559	
0.000465	0.000443	0.006209	0.001906	-0.002203	-0.027665	-0.004310	0.000054	-0.000239	0.004017	0.000368	0.022298	-0.004946	-0.003299	0.010320	-0.010940	-0.010496	0.029822	0.017530	-0.000925	0.004105	0.006697	-0.000492	0.013726	-0.001179	0.004451	-0.016446	0.004271	0.012261	0.007404	-0.001980	0.009442	0.002227	0.003581	-0.013423	0.001246	0.021932	-0.001487	-0.009156	0.002621	
-0.000599	0.003085	-0.001741	0.000663	0.011037	-0.001384	0.006550	-0.001299	-0.000101	-0.003164	-0.004622	-0.077293	0.071643	-0.007274	0.007158	0.050919	-0.002409	0.027889	-0.003712	-0.052003	0.000531	-0.004729	0.004541	-0.018365	0.001864	-0.022430	-0.005305	0.003430	-0.014655	0.008719	-0.009406	-0.000853	-0.013554	-0.025799	-0.006125	-0.045485	0.005109	-0.001650	0.003144	0.013741	
-0.000241	0.007334	0.001447	0.007475	0.001494	-0.007831	0.006761	0.013281	-0.004645	0.012869	-0.009662	0.007212	0.000474	0.023011	-0.030171	0.066514	-0.014924	0.002730	0.002401	-0.003058	0.000593	-0.000542	0.001405	-0.003943	-0.000249	0.000047	-0.003113	-0.004239	-0.001096	-0.020761	0.007855	-0.005300	-0.003521	-0.001924	-0.003243	-0.006401	0.001887	0.001856	0.002179	-0.004743	
0.000792	0.019268	-0.011335	-0.023530	-0.009216	-0.012640	-0.003813	-0.002398	0.045623	0.006849	-0.001360	0.043891	0.009277	-0.098171	0.001454	0.027868	0.024040	0.045089	-0.005780	0.001153	0.000681	0.006600	-0.004482	0.000649	0.005186	0.005648	0.003711	0.000298	-0.005963	0.001594	-0.004901	0.002462	0.000029	-0.009918	0.006736	0.004352	-0.003047	-0.013494	0.000096	0.013415	
-0.000000	-0.023337	0.001736	-0.000800	-0.008209	-0.035222	0.012256	-0.014036	0.008938	0.012747	-0.015255	0.003322	0.090426	-0.022130	-0.017218	0.001957	-0.008492	-0.001101	-0.002730	0.013047	-0.008516	-0.000030	-0.007169	0.010676	-0.001767	-0.001277	-0.000247	-0.004175	-0.000715	-0.003167	0.010829	0.001443	-0.001980	0.005412	0.001492	-0.009089	-0.001020	-0.022560	-0.000455	-0.002364	
0.000000	-0.000533	0.012478	0.004953	0.015928	0.005925	-0.001814	-0.019960	0.007373	0.004301	-0.011146	0.001532	-0.009906	0.028775	0.005449	-0.000806	0.000671	0.010751	-0.000277	-0.001325	0.009574	-0.000745	-0.004371	-0.028555	0.001179	-0.009488	0.009848	-0.010224	-0.003592	-0.001036	0.003282	-0.023400	-0.000215	0.024159	0.000063	0.011545	-0.007132	0.004691	-0.002999	-0.000926	
0.000000	0.011610	0.006500	-0.011182	-0.004423	-0.020616	-0.006032	0.000391	0.003483	-0.071970	-0.008754	0.002508	-0.000556	0.021339	-0.000374	0.021476	-0.000744	-0.038648	-0.006196	-0.001555	-0.000954	0.005798	0.015117	0.000204	0.005866	-0.000753	-0.013092	-0.005267	0.006081	0.001826	0.008247	0.023798	0.006437	-0.014807	0.004452	-0.005467	0.003001	0.019030	0.004436	-0.001429	
0.000093	0.029376	0.048588	0.016006	-0.015660	0.005265	0.002845	-0.004644	-0.002246	-0.011336	-0.003299	0.003118	-0.009875	-0.012865	-0.014620	0.004689	-0.026906	-0.037210	-0.005395	0.003158	0.004087	-0.004301	0.000049	0.000781	-0.018528	-0.000921	-0.004116	-0.012511	0.010205	-0.000795	0.000000	0.017108	0.006025	0.001812	0.012586	-0.003283	0.001289	0.032102	-0.002571	0.008712	
0.000068	-0.011220	0.029633	0.000065	0.021228	-0.000242	-0.002313	0.009051	-0.023284	0.026352	0.013730	-0.006850	-0.014329	-0.018583	-0.003492	-0.007491	-0.002996	0.002702	-0.000573	-0.000648	0.001858	0.000215	0.003093	0.031958	-0.004198	-0.003614	-0.009783	-0.010064	0.003252	-0.004942	0.000908	0.008169	0.000726	-0.007165	-0.010057	-0.027633	0.001465	0.003022	-0.007892	0.004109	
-0.000443	-0.010310	0.013524	-0.019014	-0.013530	-0.015694	-0.000272	-0.000595	0.006468	-0.000001	-0.005985	-0.105244	-0.039304	-0.023359	0.003974	-0.013713	0.005211	0.042777	-0.003803	0.014082	0.002991	-0.011685	-0.005937	0.002502	-0.004952	0.008789	0.003386	0.004219	0.009439	0.012144	-0.019026	0.018473	-0.010962	0.000979	-0.014217	-0.002665	-0.001212	0.001906	-0.000898	-0.002164	
0.000000	0.000889	0.001111	-0.004831	-0.011551	-0.001238	-0.010443	-0.007276	-0.036666	0.000899	0.002456	-0.005973	0.007440	0.029559	0.001499	0.018738	-0.067181	-0.000086	0.303634	0.004949	0.000281	-0.000071	-0.001956	0.000167	-0.009501	0.000537	0.001675	-0.007993	0.009334	-0.008726	0.004649	0.000143	-0.008091	-0.000784	-0.022332	0.001612	0.017342	-0.010535	0.031303	0.009688	
-0.001771	0.011219	0.019859	0.011490	-0.002492	0.014210	0.002526	0.000565	0.001571	0.009036	-0.001834	-0.003791	0.782391	0.007594	-0.001142	0.001003	-0.009098	-0.004305	0.006501	0.005381	0.037631	0.002442	0.011103	-0.011607	-0.006917	0.023009	0.004690	-0.001404	-0.016383	-0.004668	0.005733	-0.000187	-0.001171	0.000700	-0.011949	-0.001975	-0.010988	0.000764	-0.023746	0.008043	
-0.000326	0.009983	0.038670	-0.001526	-0.010473	0.011131	-0.006133	0.001936	0.003153	0.005165	-0.004082	0.008183	-0.006095	0.002649	0.001698	0.003933	0.000000	0.007867	0.006556	0.008802	0.006249	0.003756	-0.003703	0.004254	-0.007050	0.010922	-0.006192	-0.003999	0.003902	0.001674	-0.005352	0.002413	0.001838	-0.001189	-0.021429	0.000740	-0.002789	0.028550	0.014666	0.001402	
-0.000008	0.003649	0.026222	-0.023969	0.030327	-0.003069	0.013493	0.008857	0.014970	-0.013089	-0.004111	-0.000808	0.002509	0.000299	0.004132	0.015826	0.000501	0.008386	0.004568	-0.002552	-0.006462	-0.013278	-0.016240	-0.012841	0.000620	-0.001077	-0.006475	-0.018901	0.016165	-0.003045	0.009510	0.022452	-0.004563	0.008243	-0.024111	-0.007429	-0.038870	-0.001985	-0.001731	0.059691	
0.000003	-0.008181	0.002042	-0.000850	0.000292	0.009457	0.014362	0.000435	-0.008186	0.003899	0.001043	0.000281	0.000903	-0.002619	0.010779	0.277610	-0.001692	0.008296	-0.001503	-0.006198	0.005019	0.008730	0.016539	0.003101	-0.022238	-0.003150	0.003886	0.000682	-0.022278	0.008169	0.042619	0.003340	-0.005216	0.008377	-0.002552	-0.012483	-0.001175	0.043579	-0.014709	0.013800	
-0.000041	-0.010097	0.003957	-0.028599	0.008296	-0.002804	-0.030759	-0.033319	0.032625	0.003518	0.001780	0.005793	-0.019682	0.001888	0.005600	-0.033250	-0.020108	-0.047971	0.013595	-0.010395	-0.016901	0.001215	-0.013057	0.000360	0.007015	0.010793	-0.005033	0.001585	-0.004696	0.000140	0.009448	0.004346	0.000542	0.003159	0.005035	0.015137	0.009645	-0.001480	0.003422	0.000262	
0.000227	0.035060	-0.040300	-0.024015	0.002633	-0.088030	0.001819	0.006598	0.001855	-0.006424	0.006866	0.005018	-0.005667	0.087466	-0.023795	0.003412	-0.002127	-0.001192	0.000099	-0.002157	0.006981	-0.000349	-0.001323	-0.003420	-0.000955	-0.004530	-0.000177	-0.004420	0.002506	0.004407	0.041012	-0.005481	0.013434	-0.000504	-0.000419	-0.008335	-0.004385	-0.035097	0.004671	0.005930	
-0.000805	-0.003848	-0.008534	-0.002783	0.007073	-0.018350	0.011244	-0.005643	-0.003365	-0.001819	-0.005469	0.007190	0.000746	0.001998	0.025594	0.007948	-0.000398	0.075260	0.006242	0.000359	0.004073	0.009981	-0.021247	0.003668	0.000012	0.011939	0.008310	0.010604	0.003720	-0.004056	0.007453	0.001857	0.288541	-0.003331	-0.034469	-0.016237	0.001704	0.012415	-0.001628	0.001007	
-0.000317	0.000855	-0.004151	0.011174	-0.004966	-0.003708	-0.000275	0.070747	-0.015325	-0.006098	0.006541	-0.031321	0.005905	-0.000317	-0.010807	-0.009634	-0.028644	0.072906	0.017088	-0.001409	-0.008747	0.000277	-0.014868	0.005194	-0.009945	0.000118	-0.000608	-0.029251	-0.016228	0.020468	0.000717	-0.000530	0.007417	0.008889	-0.004295	-0.023241	0.006383	0.001917	-0.007958	0.006107	
0.000137	-0.001216	-0.006552	-0.007381	-0.006788	-0.007860	-0.008204	-0.012223	0.011574	-0.003536	-0.000333	-0.028303	-0.002281	-0.003101	-0.009074	0.074012	-0.015064	0.008487	0.000075	0.028366	-0.032291	-0.012762	0.024070	0.034695	-0.002540	-0.005848	0.005808	0.008545	-0.009637	-0.007942	0.000161	-0.016006	0.016271	0.003168	-0.008850	-0.018412	-0.000887	-0.013256	-0.000084	0.000433	
0.000131	0.012471	-0.013663	-0.007599	0.024171	-0.000128	0.000821	-0.001390	-0.001620	-0.006941	0.033702	-0.016136	-0.002311	-0.004138	0.020201	-0.007330	-0.000238	0.000752	-0.004789	0.012910	0.004916	0.017818	-0.001688	-0.005661	0.007862	-0.001027	0.000553	0.003367	0.001493	0.003754	-0.011345	0.004377	-0.019781	-0.003646	0.013690	0.002249	0.000050	-0.000335	-0.005672	0.038644	
0.000003	0.005936	0.008668	-0.022794	0.011114	-0.000036	-0.005688	-0.005221	-0.000223	-0.007155	0.016850	0.003131	-0.043528	-0.027189	-0.007442	-0.019358	0.005652	-0.076198	0.002552	0.020976	-0.004326	0.008756	-0.000852	-0.000738	-0.011410	-0.006340	0.004907	-0.012341	-0.002952	-0.019836	-0.004198	0.001301	-0.002781	-0.008878	-0.013065	0.001513	0.001218	0.000494	-0.002190	-0.001721	
-0.001103	-0.000016	0.006392	-0.000565	0.013062	-0.006603	0.003312	0.012262	-0.002206	0.000510	-0.000742	-0.008810	0.028438	-0.019793	-0.016303	-0.094073	-0.008078	-0.045932	0.007663	0.001304	-0.007366	-0.007486	0.001272	0.013860	-0.010924	-0.005360	0.027906	-0.018672	0.002618	-0.003274	0.002536	0.005225	0.023965	0.002882	0.005245	-0.003877	-0.008604	-0.016616	-0.010925	0.000313	
0.000097	0.000052	-0.003884	0.005515	-0.006345	-0.010379	0.000499	-0.030728	-0.001078	-0.000267	0.006660	0.002982	-0.010632	0.000074	0.001614	-0.011883	-0.011530	-0.066319	0.007948	0.002570	0.027198	-0.004082	0.001553	0.005361	0.013257	0.021860	0.003979	-0.001485	-0.013094	0.006285	-0.000971	-0.002633	-0.007849	0.005902	0.003736	0.000453	0.011874	0.000622	-0.019622	-0.010783	
0.000147	-0.000583	0.011356	0.007559	0.004674	-0.003050	-0.016816	0.009192	0.003103	0.178245	0.026144	-0.009290	0.007239	0.006071	-0.002468	0.001085	0.053322	0.067648	0.011548	0.000663	0.014466	0.000556	0.003106	-0.005253	-0.003070	0.007387	0.006243	-0.002029	0.014199	0.012277	-0.000292	0.004520	-0.006262	-0.008124	0.003517	0.000382	0.004280	0.009771	-0.003311	0.002779	
0.000561	-0.008002	0.005111	-0.000385	-0.019107	-0.001365	0.001017	-0.006124	0.006044	-0.000151	-0.016271	-0.003178	0.000021	0.003115	0.009569	0.001450	-0.002716	-0.066032	-0.001371	-0.000670	-0.005523	-0.002660	0.000221	0.015225	0.021499	-0.003219	-0.011742	-0.002325	0.012010	0.001764	0.039087	-0.004183	-0.002357	-0.005539	-0.004132	-0.007547	-0.023581	-0.001840	-0.003912	-0.001271	
0.000001	-0.004692	-0.009726	0.000444	-0.011584	-0.007309	-0.091017	0.001023	-0.001634	0.080594	-0.025644	-0.004693	-0.010107	-0.032959	0.003021	0.128734	-0.089974	0.051187	-0.001844	-0.019046	0.000049	-0.008085	-0.014005	0.018359	0.002790	-0.000034	0.002452	0.003652	0.021497	-0.015727	0.000290	-0.022149	-0.000950	0.074856	0.000884	0.012600	0.012746	-0.002161	0.031380	-0.001224	
0.000980	0.001188	-0.005741	0.010154	0.008539	0.000412	0.006656	-0.000654	0.005069	-0.002036	0.000862	0.001651	0.000099	0.002517	-0.000499	0.001613	0.001312	-0.019774	-0.016048	-0.008763	-0.000293	-0.002537	0.005744	-0.004341	0.000569	-0.003711	-0.013355	0.008930	-0.003766	0.007015	-0.004540	0.000168	0.001192	-0.015791	0.000838	0.045666	-0.000582	0.008391	0.004106	0.017621	
0.001134	0.000273	0.005993	-0.013013	-0.001241	-0.007286	-0.004765	0.004099	-0.000797	-0.000494	-0.009578	0.000671	0.006334	-0.015885	0.000728	-0.009597	-0.029400	-0.006914	-0.017986	-0.000525	-0.005200	-0.009613	-0.004112	0.001811	-0.002834	0.003029	-0.005484	-0.010834	0.000632	-0.013413	0.000755	-0.000327	0.003082	-0.006500	0.002207	0.000463	-0.000584	-0.001802	-0.005348	-0.020345	
0.000017	0.011888	0.012748	0.000965	0.005236	0.029565	-0.023262	0.001835	-0.004768	0.111006	0.096430	0.006144	0.081507	-0.014818	-0.044078	0.070022	-0.005844	-0.001109	-0.001544	0.009827	-0.012793	-0.001779	0.009571	0.003364	-0.000102	0.002327	-0.013401	0.006246	0.006950	-0.005076	0.009360	-0.002751	0.006542	-0.005070	0.051258	-0.003797	0.001638	-0.001793	0.012505	-0.006977	
0.338301	-0.006520	-0.015736	0.013036	0.004065	-0.007089	0.003452	0.034762	-0.000744	0.001365	-0.212951	0.000834	0.001047	0.001079	-0.005345	-0.006696	-0.046195	-0.017725	0.002598	0.004270	0.002097	-0.002115	-0.001965	0.005565	0.004012	0.010186	0.014899	-0.001499	0.000342	0.003293	0.042000	-0.008892	-0.000220	0.006456	0.016522	0.001840	0.003490	0.009978	-0.021662	0.045427	
-0.000052	0.000949	0.004906	-0.011486	-0.002267	-0.018486	-0.001231	0.001764	-0.001391	0.010693	-0.015302	-0.027379	0.002500	-0.007381	0.000245	0.011238	0.004873	0.013203	0.084138	0.000302	-0.007664	0.002296	0.006283	0.000275	0.013296	-0.027958	-0.005819	0.012009	-0.003676	0.010344	-0.006906	-0.004130	0.009328	0.003055	0.011962	0.001282	0.017087	-0.014818	0.011520	-0.014060	
0.000000	0.000000	0.014116	0.002471	0.003357	-0.007768	-0.009016	-0.125068	0.015474	0.008926	0.005376	-0.085028	-0.009499	-0.000545	-0.000505	0.001731	-0.003428	0.015379	0.012901	0.001142	-0.000214	0.005049	0.004038	0.000949	0.006422	-0.001986	0.003283	-0.024486	-0.002600	-0.005786	0.008531	0.006431	0.001945	-0.003466	-0.013533	0.002304	-0.005221	0.008310	0.012428	-0.003546	
0.000100	-0.022585	-0.000979	-0.004859	0.023402	-0.006161	-0.016385	0.013284	0.005098	-0.002156	-0.008150	-0.001549	0.022724	0.031567	0.001666	0.010360	-0.006989	-0.027916	-0.005887	0.027137	-0.007917	-0.000427	-0.004068	0.003838	-0.010946	-0.000631	-0.007140	-0.012213	0.003396	0.002255	-0.021778	-0.009579	0.002637	0.001164	0.001474	-0.003978	0.009217	0.027591	0.019526	-0.023351	
0.000000	-0.016826	-0.005724	0.002918	0.002110	0.004053	-0.015729	0.026301	-0.023214	0.041855	-0.012029	0.004040	-0.020209	0.004051	0.021475	-0.012762	-0.012069	0.007127	0.006422	0.001876	-0.000493	-0.000451	-0.015910	0.017043	-0.008805	0.006630	-0.007938	0.006249	0.000427	0.001812	0.000432	0.004599	0.020956	-0.013992	0.015425	-0.023287	0.005717	0.012616	0.012691	-0.019191	
0.000013	-0.008293	-0.045726	-0.009062	-0.068966	0.010820	-0.017510	-0.011439	0.015786	-0.005587	0.002009	-0.006367	-0.053003	-0.024718	0.000550	-0.013574	0.078608	0.009232	-0.049390	0.008775	0.006037	0.000342	-0.006791	0.000432	-0.002326	-0.005814	-0.006859	-0.005824	-0.003273	-0.004642	-0.000633	-0.002807	-0.009343	-0.018590	0.001599	0.011286	0.013857	0.013757	-0.002110	-0.040696	
