-0.24004153708929266	 -0.17703296142702485
0.34439784281160579	 -0.17703296142699487
0.29181557651228063	 -0.17703296142697211
0.43490363561310974	 -0.1770329614269549
0.40487904469709801	 -0.1770329614269418
0.22448112290561251	 -0.17703296142693192
-0.23488847945578789	 -0.17703296142692437
0.33925727654213889	 -0.17703296142691866
0.085614263352758346	 -0.17703296142691438
-0.078276694555895754	 -0.17703296142691105
0.42679279107916768	 -0.094810054734254523
0.16343717261377588	 0.44204200526724535
-0.47993737597946884	 0.46918094760133844
0.016359492911193318	 0.11572469315963985
0.18675772970856996	 0.31011312652365675
0.21680697180182062	 0.42468733674860881
-0.1295558468576315	 0.25768235678464979
0.47054339943944634	 0.28158463181290982
-0.22455773443195864	 0.49463659876679045
0.11291780071934587	 0.2725976835445183
0.48385247773670237	 0.51182167330506689
0.43480191516447897	 0.71012727782662521
-0.42522589300071162	 0.3447890010826038
0.11849757033330277	 0.1666379452016693
0.10735378768637482	 0.3647982006381485
0.31662764205440308	 0.47684645673134551
0.13161706953850438	 0.43683721663481334
0.35073829388745981	 0.65301947652369097
0.17208520354334511	 0.49353801274069653
0.48858061292608301	 0.54126288892959096
-0.34410449342993299	 0.99433985307508732
0.43204366691971363	 0.63799206367379724
0.33297845527202752	 0.38129640157059796
0.44771108308234764	 0.57433864154530867
0.3669473020671622	 0.73747001061519102
0.23785749950346424	 0.94026489705234595
0.17219220552229886	 0.89174038525691235
-0.36794117785428704	 0.9585551125827878
0.077114776045603128	 0.64719784240487455
-0.24219353159060403	 0.82494390650793026
0.053782127589817263	 0.54459077978831671
0.0039075666591095182	 0.7174803355490782
0.4212436414888332	 0.75192787522278803
0.073844751610348314	 1.1243806272420722
-0.47973294089535856	 1.0939842818034882
0.10800137073174187	 0.72718401458338811
-0.20934827658783101	 0.78216153792561283
-0.10928878775299006	 0.53566462299500039
0.078544769705526929	 0.50991885969570716
0.06609398898021035	 0.43327349205437904
-0.49637098749930553	 0.50022986544321379
0.06239724697656801	 0.30591558481170256
0.00089590414468943003	 0.56738602476018651
-0.42159688003435586	 0.54480406528241887
-0.31910518315579051	 0.30196773185538239
-0.39175030863459703	 0.22775084804584833
0.39503076202004717	 0.11856711998713387
0.31251188684837516	 0.28772493672445876
0.45898798571852406	 0.46212436988261052
0.06711596509773099	 0.60625386087965838
0.30109249930879678	 0.28018966959773461
-0.38511650817707022	 0.44169967101392538
-0.00084036844821666623	 0.23374797139816805
0.1340709545808243	 0.10548619425313244
-0.43740542509472252	 0.089759879967679534
-0.13389306684671576	 -0.0022010551462844363
-0.12807154638137275	 0.18996983122102185
0.23478678042757639	 0.26636689248760148
-0.0018342447010028518	 0.60541477943125543
0.44904322966423038	 0.4595298012598068
0.49259324930263371	 0.74205146705144887
-0.44805211711118564	 0.41064351666491605
-0.047049203676660156	 0.17706359515011094
0.41383689032580562	 0.25468021248898465
0.12579263449916278	 0.12388762442777934
-0.026782144572018718	 0.18732098396941055
0.021838260591886094	 0.18282697705982121
0.41644435791133172	 0.33598870091287281
0.36392906814065251	 0.47041973190691899
-0.39961696970258698	 0.80849501056340101
-0.017461653108457875	 0.45165917939904965
0.36755808064134698	 0.20421734588003315
0.16278027727398103	 0.35029002835358547
0.4834342510362315	 0.58726044419386203
0.44596120060699118	 0.72429102515994548
0.34367509458385181	 0.68775403352739262
-0.40831605806402677	 0.67761750004224863
0.34099196216137706	 0.41948009278742182
0.15618698096656569	 0.75940128527052408
-0.44932807281116399	 0.46318287691930449
-0.091892072740892006	 0.25591850788109927
-0.042720520190298816	 0.38374382157769382
-0.33444458052257287	 0.42019155409838871
0.40726755881089138	 0.33693016769105677
-0.40864956607513575	 0.80668038962739907
-0.27185000561729539	 0.48336625863030469
-0.22662550803582443	 0.25669981357595462
-0.036721111990847211	 0.28077470122427761
0.46293677481028106	 0.34662789727930021
0.27154024726317272	 0.18179713136739717
-0.087677882792278117	 0.28988256702283222
0.45553002364725337	 0.25188601883452044
0.32348813015198719	 0.20689695004552999
0.36527291353106173	 0.62159463966491635
0.3693669135073977	 0.34044234113891103
-0.050719235348850145	 0.27444292245589019
-0.16150923104095705	 0.18032617245500426
-0.10879482590071615	 0.15734401277857124
-0.13427487790317966	 0.30875674121480179
-0.29758016336596582	 0.31223364202122572
-0.0084117956033031294	 0.16757238643793726
0.34826346898836247	 0.38310254822970458
-0.43002208319028007	 0.66440845161681561
-0.34563151879498344	 0.3395584259621458
0.33169771955893268	 0.22312187593923394
-0.48406088258328889	 0.34200673589478692
0.49804357578886838	 0.12670078663133189
0.42338166196056715	 0.30656889376574292
0.35693107957808812	 0.36007153962866068
0.15423055628977278	 0.26497598334514305
0.47405358914940321	 0.32710282894181053
-0.23496099362846512	 0.74022309337428283
-0.38848996390052604	 0.35556247669918584
-0.360390991838831	 0.14894534610779664
-0.32769343481757374	 0.11472518738866522
-0.29713952997566179	 0.010757631865773054
-0.13224099745612639	 0.10410620964754247
-0.054318942853398111	 0.25270772698642219
0.166139358033491	 0.3567551960709836
-0.16930422264584538	 0.44829146037657974
-0.28277869605588668	 0.41239375934937583
-0.42153852475878717	 0.19810929434286462
-0.21377419946425325	 0.045186027981648946
-0.45929056590389949	 -0.0098132357836157036
0.44373438877227456	 -0.062718785820554124
-0.34440728595685555	 0.048623506001083561
-0.010009801252749639	 0.00068129857121124182
-0.21777484273434378	 0.097730555868447144
0.046797888142428357	 0.11797793272700097
0.35571532084407065	 0.11828805570104595
-0.015355006100309543	 0.11712086428643564
-0.46161390792653612	 0.0011509028244496289
0.20397878983243312	 -0.07282906508690612
0.054622911175071676	 -0.093154333410170542
-0.30724542672151955	 0.26824735276048273
0.035676508925704509	 0.060595936091497715
0.070562028591782844	 0.14374095972577816
-0.30920185093265112	 0.10657300562836713
-0.040941829579389577	 0.047681374607951188
-0.072506892295790326	 0.236930947273301
0.3450287053571216	 0.18361690737821645
-0.066888240429986368	 0.029948418595394322
0.19253211454140584	 0.16597842937871876
0.45653874145659556	 0.29026099264893035
0.072720767731182634	 0.20444193376752606
0.3648386797238321	 0.25536678917923994
-0.34060078851906617	 0.42254742034708359
0.44047977074071754	 0.15971318555751735
-0.18948026359522729	 0.33710700606809119
0.32553856951442484	 0.20316808731158376
-0.22882445237078913	 0.56164026418109692
0.027741040348886026	 0.30909152762759073
0.40400004475563767	 0.37681967900246227
0.057401348164957677	 0.78957703636521948
0.068450474444986531	 0.60418646583452507
0.34773443352791222	 0.64894185444036023
0.21299406220810213	 0.41639748904754414
-0.4415593272734244	 0.69334220720862016
-0.37004040967209284	 0.36816654067506427
-0.24020805011513086	 0.25733435472029886
0.41415599403630754	 0.16985356509201277
0.11460458469325885	 0.42411368279967987
-0.20182195804166697	 0.6191594698901548
0.11813478340307937	 0.43994156261753825
-0.33077250459733071	 0.47207641546842272
-0.0090673842975252383	 0.33031272189674277
-0.34618870813687741	 0.40239668353237135
0.23978952399445208	 0.18448615965130388
0.18173076476982364	 0.12577833813511696
0.11286946274939436	 0.15237627363424822
-0.33271736876699953	 0.45160893778731159
0.026759469661283952	 0.26724164087315883
-0.45401877814625335	 0.2099647184628386
0.35981474577440631	 0.076941528048653285
-0.016701788882120427	 0.09288513451496927
0.11870198958492928	 0.1639281692913539
0.22465342503257724	 0.08885645137533027
0.14269742259881335	 0.3790378826919063
0.059181759859985528	 0.44634236067846911
-0.46482683902831134	 0.41432968761699662
-0.031764008352423101	 0.15223183734900303
0.33035730748919645	 0.19955329913415154
0.062914201786235968	 0.064842191160726426
-0.12776396359678543	 0.33241632596192217
-0.11224134434584593	 0.23728299890765769
-0.36863532423443873	 0.23896538161386949
-0.2800295305345345	 0.13263600783548424
-0.39924728260340508	 0.1159851265852867
-0.3101946510422019	 0.039999734425162803
-0.15006994020662734	 -0.039461810129519936
-0.13945533225287465	 0.035592143044708591
-0.39603865747155559	 0.17034316336892552
0.46453464448663162	 0.051052300874912415
0.15872270970545832	 0.22158638845045942
0.22209612593152384	 0.21996270475029323
-0.36623786057636043	 0.098486386223959776
-0.35034467505772815	 -0.0079223511117689216
0.37590741779464643	 -0.068417433136160388
0.37355166341809165	 0.01589318844211407
0.33138608971209549	 0.15750701233167641
-0.011223119921620506	 0.21895100067932916
-0.45916570534890783	 0.063030307364186355
-0.1418544406266205	 -0.017517242631869101
0.03475810193212614	 0.092868810288281534
0.40064904042549854	 0.25303416326598627
0.34144377049125907	 0.12556609266243834
-0.34653990848294458	 0.073337808029972473
0.12530246545807577	 0.057585598197272381
-0.015858807375588813	 0.36115019026127793
0.21264185137704106	 0.3976984061443849
0.16047562642976443	 0.3792487908555533
0.45237718427198803	 0.13316680116263702
0.042999158866237508	 0.25429428148968025
-0.27661017224966089	 0.27848249997042229
-0.17538677979045864	 0.22677867745538371
0.43075781452039152	 0.25529795479755579
-0.14524549601843839	 0.17376691859332793
0.044583689675006921	 0.19512729199819878
-0.46848946854867479	 0.23930992614165802
0.044559852939359823	 0.077868482976367837
0.39451374993404087	 0.24732099694897225
-0.1079448008015495	 0.6954343950355204
0.14852119546780418	 0.44673254307172061
0.35904839395501109	 0.27814227950945347
-0.44922209109609113	 0.2950203153564539
-0.12938267906633333	 0.13104898002060938
0.49281053384431195	 0.11065874857752744
-0.29956676615381927	 0.40650515124474285
-0.25347526173734813	 0.15635863236520364
0.36636219679674231	 0.12632301831623316
-0.46818067644172379	 0.59272430277503063
0.23530161880669265	 0.26224596698787384
0.40719649144783454	 0.43506552954449318
-0.11003511706834429	 0.74721361629704464
-0.22994027972684256	 0.34666356038062052
0.30784553187333308	 0.20506178881250436
-0.26859134704274656	 0.66091261840425553
-0.076480188209787081	 0.3424973744696056
-0.066852003134252491	 0.21798579908587112
0.21554984558166468	 0.35725350424491786
-0.36383833683274608	 0.170726731614808
-0.40637637717014941	 0.1229560747805527
0.16792702938799142	 0.084622330672640467
0.17916082203349137	 0.19140225458266436
-0.18298654895414901	 0.17807751461110777
0.49254025006319413	 0.22317013143843289
0.10991863608822161	 0.22570405009771788
0.1717679550274126	 0.24051933002920434
0.037123939272539652	 0.27020777888672343
0.14142916753954682	 0.35534755883728852
-0.28367219249888892	 0.17313511625652511
-0.068362311259080821	 0.036025461567466888
-0.46651563326200268	 0.17054697424632437
0.36484900296891531	 0.036640923173900108
-0.20931391730406967	 0.15931518455655258
-0.41573772435809381	 0.22775991972710896
-0.26453367656307936	 0.082324121854098209
-0.21650338392541901	 0.091625010286549902
-0.21530449051191308	 0.089353551861855562
-0.018008938300427491	 0.10838686873673553
-0.35014118759433793	 0.054638556396348736
-0.18348516695363687	 -0.0011140727037664555
-0.28270731995939619	 -0.067309688150106628
-0.44294469614650339	 0.033292389903545994
0.20647971597801884	 -0.050535685938721542
-0.012647599220577455	 -0.057943351544935573
0.36490083572682963	 -0.022935184903555283
0.43788836893527228	 0.088766370439818498
0.41087221256963546	 0.15305512430214407
-0.20195116787308415	 0.31071322399580215
0.15343821405127567	 0.086982620426568902
-0.4529661247287719	 0.11152543397003534
-0.10832754504323355	 -0.023483698571870437
-0.17863475656073297	 -0.073221901032179293
0.22619469730471942	 0.057238513068846419
0.20868590600261738	 0.21104713348148363
-0.18609450696320018	 0.47789531385728257
-0.1638866670727202	 0.37065074454117641
-0.1195461394356313	 0.33626341276427807
0.35102943230933947	 0.17946087332866223
0.47754250093248785	 0.4353029530364334
0.096781668065479831	 0.18068535437899957
-0.21733287894974129	 0.20121660854675705
-0.48897313279517607	 0.10780831530498125
-0.038369329431266197	 0.0031870693808229156
0.073353203746189033	 0.19071131134897468
-0.40471085715326988	 0.17141539404005124
0.1970969940056545	 0.045909287404003685
0.35684981982077002	 0.15619644107149466
-0.12001534766518296	 0.55321406514059657
-0.32091194429477299	 0.48006693774687048
-0.49329136823922926	 0.24790436240480229
0.19649948584684152	 0.059624104596107674
-0.10361926425416917	 -0.028194023483286368
-0.43623606438573265	 0.059928961784394552
-0.097020798640800987	 -0.0074993125062188803
0.38373313652525332	 -0.040481424360300056
0.42866477134109693	 0.37486950307978217
-0.15913242970552877	 0.70920006429679572
0.29460534909488878	 0.38386634789662932
-0.27328639699764845	 0.23185217101651845
0.4943057843457469	 0.048607112602624403
0.34163922436611693	 0.47713261575897326
0.11838605842477923	 0.41945758082083962
-0.18432897268064735	 0.18141596243460989
0.06783392167083635	 0.13233993193410987
-0.17292803603826468	 0.39123801665729996
0.12957652035615241	 0.38122203787196973
0.4039472545981162	 0.30941286982568617
0.20752582499176531	 0.64253809471213708
-0.019394047334508058	 0.39772066731524647
0.38148975506494276	 0.5158149872447173
-0.19569250740841615	 0.78587247152268991
0.26327307371575059	 0.52126577880967484
0.39251662226976669	 0.42348056210180807
0.265938163625979	 0.57649261586259137
-0.16337372300372166	 0.47847999962270871
0.48780576511649687	 0.39790312456756793
-0.0369648428340279	 0.86463945927737385
-0.30652390364861298	 0.71687184509089175
-0.13220958254868609	 0.45966128902787617
0.14212321287119911	 0.48873162367061651
-0.29981527188784224	 0.40798856974524256
-0.43571009716750592	 0.32160651453573519
-0.46149605138297012	 0.19770893440808035
-0.2360513358079136	 0.10429026636088357
-0.032730895808306959	 0.090506622063195596
0.42223708514228331	 0.35693109160373315
-0.30738656493247796	 0.47035141136797542
0.30813667448616433	 0.22803589525504675
0.2168424337715108	 0.28922653654760055
-0.080672961464465121	 0.43895871108789075
0.30244245883191123	 0.23022067176165972
0.058481658137627734	 0.098833564145538677
-0.46228690350534718	 0.0081349822291727492
-0.38188651431439746	 -0.047162357865889959
-0.3736844206571972	 -0.041651978340478013
-0.1352149395436118	 0.0054502805678218191
0.24769000650741624	 -0.011252815656811299
-0.46973716652474234	 0.37554201346781757
-0.42768911501750773	 0.11784416486150429
-0.27170404129275305	 0.0034730959717672594
0.41175258900586176	 0.060678941811720843
-0.12338162196026259	 0.32817450508800339
0.49156903242299754	 0.079174313558259879
0.30426921080996716	 0.046588292413654142
-0.35744345879994494	 0.021666885019961613
-0.1718046910463854	 -0.02589147426112709
0.29207497592646392	 0.097342665618661339
0.10559169836602722	 -0.011656023087245893
0.021671405305001556	 -0.05085226341347604
-0.34013460708788346	 -0.013629434587690836
-0.25228508876277367	 0.022489575850484611
0.22185613341715937	 -0.0015264382937164589
-0.27584470425538937	 0.45071898359973317
-0.21378114014574379	 0.25198829680895196
0.48580479760924578	 0.064120821996836996
0.19142439993630367	 0.19344787375928063
-0.29154405546912182	 0.4228388875675162
-0.32158176732323218	 0.21752279260181817
-0.00043892557753200112	 0.10268566553757652
0.42529837876805032	 0.041813015126147768
0.097745271212302698	 0.12610057778499928
-0.19799646721128211	 0.31897298348341585
-0.016219963559983286	 0.14367835475753199
0.13545836770695563	 0.1077174110363559
-0.079882981525679575	 0.45452730095949367
0.11009561578281946	 0.37434546154478676
-0.49975657230231751	 0.21747824023206519
-0.33219297548392457	 0.042715280874066064
0.14035844925807717	 0.019712865031624949
-0.42744568685416395	 0.38926848431735928
-0.10389701677667768	 0.15925372329779375
0.052111037798277637	 0.10661620289657758
-0.050827308814426542	 0.1887001526404507
-0.11232798481934142	 0.24224430158128274
-0.14361975139175531	 0.1783326320993972
0.091729232385628467	 0.18389825581106223
0.21586732413427312	 0.020312959647478257
-0.35154477593095268	 0.03114437417490068
-0.3026790697140056	 0.017211410638348745
-0.2624612710263865	 -0.049832770623023992
-0.19167938301883608	 -0.025980907822079236
-0.054964158476779323	 0.03970681444274704
0.45939486285643416	 0.090440256245712503
0.032475912725774547	 0.24062331125487213
0.23125470137747695	 0.17052748397382911
0.44519966000001865	 0.32153959443929225
-0.27609968780358307	 0.57420712344633906
0.43971064637401636	 0.21932210731929991
-0.37638210778887482	 0.17351301161680777
0.22346138661888493	 0.03780071494773507
0.36500902467640539	 0.12062053249417604
0.22136316342342788	 0.28333325058805547
-0.47453508105805847	 0.59567928979683438
-0.15121093934923918	 0.25080970410539916
-0.14317846933527778	 0.26195283334715347
-0.05441806211807676	 0.33085602286770022
0.45888467643358033	 0.18709717457536668
-0.14293504117193401	 0.71009529336060884
0.11338896239799867	 0.3366929192338397
0.099243125225996209	 0.45357307130411106
-0.070380728026097961	 0.57820134042611415
-0.49050805437867906	 0.49817372235426105
-0.34864583697572626	 0.22929149788259084
0.3787919631594755	 0.11949450566155795
-0.10283603919802048	 0.25585139805798085
0.0077344116325184231	 0.22386719575287528
-0.029478804920557322	 0.43779701145715011
-0.38696871506374736	 0.31466844097026758
0.15618963570156585	 0.16844969341240601
0.16784212536543708	 0.33380627703315446
-0.14942998609013391	 0.33541843390717063
0.46451025268272972	 0.11846761986679011
-0.38712203311134225	 0.11156376160431181
-0.19003512369936104	 0.07130198093010387
-0.0030138350571570216	 0.069000164879279624
0.34413266826613464	 0.16215005736042065
-0.24483546369934245	 0.3144378891241022
0.22088647713925991	 0.10847419972989258
0.28384331417448971	 0.34065613301430031
-0.12121757148821727	 0.49119458913648528
-0.055652136241855166	 0.27344936864722547
0.14885233838523382	 0.38999563038602947
-0.39985440806478934	 0.18507071670660058
-0.030187217299913638	 0.055638658496133586
0.49764139903599458	 0.14446461589748216
-0.043032877400067115	 0.64522743491644885
0.41539472058200966	 0.35859371759608072
0.45652607500391362	 0.62406331852860664
0.31403208142799888	 0.83864214306575735
0.028783682980008329	 0.63425509287810766
0.055769200229909832	 0.47594331124240874
-0.25634864706376037	 0.49141507777828064
0.03827562860132927	 0.25002893308096064
0.20712336325418357	 0.29314974863774368
-0.37755668436994622	 0.66048150930766591
0.43543958940330874	 0.38811473752114267
-0.28514222557895919	 0.83101155842939867
0.092964510709496406	 0.60240272882767987
-0.45152912612609991	 0.68116829356913033
0.37104741012260667	 0.37795965612200089
-0.23919336392506646	 0.54708802903356046
-0.10095911175057248	 0.32677292419066095
0.3355576623396751	 0.31495616704790685
-0.12631539703640871	 0.59182839640777463
0.20900576455006648	 0.34360532709456182
-0.16745617318314321	 0.66151048239885135
-0.28218272923593535	 0.40049929786122784
0.46417030085072397	 0.28871645173121707
-0.44656969650954459	 0.15965820545626497
-0.49833941506144563	 0.081433512316763546
-0.15704727063749324	 0.0014502346793796583
-0.0022218327513997549	 0.055500805267419073
0.15051292332378818	 0.28829174089571374
-0.056901678702282577	 0.27394807883545469
0.46759095041434795	 0.31397584913043741
0.14815432235978276	 0.33864644725112258
0.40006544389765031	 0.2084791601608269
0.38298567053069621	 0.68756877803858085
0.1046803968980351	 0.31162030361546567
0.21409752532564919	 0.097653984829937035
-0.088230646954956748	 0.17618509583179232
-0.3395504033377163	 0.18762535225841259
0.45774887826188881	 0.1200993751872067
0.45004498164637241	 0.3239266092655424
0.36757295991646732	 0.7965800171008881
-0.4198078061080574	 0.778082161192861
0.38548457104968115	 0.41515203610283513
-0.4175692661281532	 0.76444360241410192
0.17315670460143906	 0.40031100619287785
0.43395544492358129	 0.53453973081381601
0.45347814399445341	 0.54441676398452477
0.43396334067637254	 0.38564781385907265
-0.16700366729265248	 0.85938235800098028
0.28903580586846722	 0.7122034181943262
-0.19235205682569745	 0.91620752764863345
-0.45799790274258606	 0.54381184058567467
-0.37842036778033727	 0.33007223724512724
0.025465214404028491	 0.18462194716191049
-0.49382760235752332	 0.34887055927379018
-0.32499006382422058	 0.17883740898096823
0.027125799342582857	 0.19858079030939946
-0.15087487299501656	 0.44748781819826489
0.17278810342437967	 0.30168072348390407
-0.32236127779929025	 0.52227711543008404
0.29222344830270086	 0.27697898094885476
0.14037905337306622	 0.11991838738436544
0.32579304456049252	 0.066946718548968165
0.19228889220035117	 0.30390286133310851
0.023364723903762541	 0.10044298734606705
-0.069526558541472328	 0.061667472271307422
-0.093613582939660933	 0.14259233587687525
0.43513407694880579	 0.11716575536626883
0.090923038120811372	 0.46522347034223177
-0.13586470514343341	 0.24148317352238036
0.3851790585951782	 0.26664001196620979
-0.04150400196272136	 0.48710635486854725
-0.055672511251490808	 0.45909029423073155
0.27066362917919817	 0.40174300552744002
0.040926731909125436	 0.44758491321199778
-0.38251580665005175	 0.35057249733355222
0.20461907363711818	 0.16915769977520045
-0.0055951240964211002	 0.53555188591305636
-0.44855246643934049	 0.45822870423018514
-0.46238459365553436	 0.21274036845440625
-0.21655931869361517	 0.095390854755294852
-0.14090452279937665	 0.1043491243371174
-0.42038249639812042	 0.12538318297419959
-0.094979686008291153	 0.057157848406307554
0.38456069160465178	 0.13671083898164493
-0.41421009875564374	 0.084282794997225352
0.080030250167488215	 0.022563797604068681
-0.088313509518426592	 0.16110506904703858
-0.065084971284999016	 0.020950680230866325
-0.2471816468737934	 -0.053033825049340066
0.089325212682283106	 -0.04786019468983177
-0.27286152344795944	 0.057790754048739013
0.3931974069649341	 -0.041496275834215501
-0.084881742757224377	 0.17075048118926095
0.41942736875239173	 0.26904857480117261
-0.083437869596964642	 0.098387472031690404
0.34559169870130335	 0.14537521673404097
-0.17418621465293049	 0.2479747169853348
-0.14830379311382014	 0.14039418813423932
-0.063485263643546619	 0.054660999415129363
0.18994908066929739	 0.14385198409011735
-0.26312473498430322	 0.11188430270345717
0.39501073439373202	 0.13924395415045643
-0.36572343104785465	 0.27464654351121953
-0.49246110627076639	 0.15329702362575659
-0.064062533697142487	 0.0046638790540323161
-0.24823923769790646	 0.20881598617693697
0.21215796783201302	 0.088983293612446612
0.43034234220643641	 0.15760830100717382
-0.1967917036715856	 0.30605598123270172
0.2497733741764786	 0.23149411259807273
-0.2862169769528401	 0.17474935624649157
0.16230377352903769	 0.15961620003891386
0.32939087777835818	 0.076057763390768862
0.11880333703886869	 -0.02800035526663569
0.046864464668028294	 0.11920403123441636
0.41518077902271444	 0.089557295471517362
-0.30116641325930432	 0.45964765003881025
0.45855095514960165	 0.28847611793786387
-0.14990419272794586	 0.29007924742317326
-0.048348059667436438	 0.26940916096132517
0.047876167366223465	 0.13593931620755972
0.077234284289755983	 0.27199051161367227
-0.15515065316816357	 0.4252266991338669
0.46299442460899909	 0.30696532302618973
-0.0033383474235135768	 0.49152332592245962
0.26141147723487179	 0.53737732143194594
0.30858612284464115	 0.34459554199661002
0.32247543838921722	 0.71123579685377858
-0.38689231634460963	 0.54532738544033466
-0.25489914079890547	 0.28814547872626051
0.012424518592853318	 0.21563931397853442
-0.15001705086325157	 0.30002182330948024
-0.35988840687083473	 0.21385125159131557
0.14670108754499867	 0.17515817159935532
-0.14247815713401796	 0.29236208539310038
0.076049059432022781	 0.31270215510390487
0.3984618503127535	 0.46379753066566765
-0.43032018976766628	 0.74860785321723822
0.0063914011727977948	 0.3475584884673848
-0.2983298538244934	 0.2244493160888239
0.31945318440881243	 0.14505758646482425
0.22017442468561899	 0.24123010268450629
0.36397391970454429	 0.14934703707618702
0.14884406172150932	 0.44535092964039946
-0.1610222387411735	 0.3554128488700683
-0.089161616093088703	 0.28342812274069829
0.064024840744223876	 0.37647334331172688
0.037811348465183414	 0.17465673207073196
-0.13061066140914834	 0.23725037963596929
0.41412064801627801	 0.11772568600993183
0.48946328879774703	 0.56335106232330423
0.41726550595707512	 0.76463247017210034
-0.0086450681596272894	 0.94147079919289056
-0.16568736483607782	 0.70524235342031072
0.38025993056607432	 0.4334030648604108
0.48801658488252042	 0.47521587002274623
-0.40427588806686732	 0.6491841702049066
0.18884605294505419	 0.37244747356433705
0.31049202280607635	 0.3763546376781417
-0.29116820441147695	 0.7464029124681768
0.43394691214614867	 0.57251850513920788
-0.17708345906673162	 0.96019476007668092
0.058814744725271484	 0.66709695594055574
-0.42594149472468601	 0.50997119143837022
0.46961762847826705	 0.32363709287315889
0.41633658805691476	 0.88494548538556272
0.15010756470733677	 0.56430302718787551
0.36807947832535926	 0.64725349176308722
0.48601639828924859	 0.89459652168631054
-0.34350103411986543	 0.68320473797907799
-0.43025037596479543	 0.51089851256152552
0.3054695826980609	 0.31448770834710249
0.37667339056575366	 0.50591967919895309
0.43372354373974886	 0.32305429791172613
-0.045686356046091003	 0.84511793933379398
-0.28434884864108118	 0.79151488793538327
-0.15543807281900107	 0.55036275067757212
-0.48166151576752847	 0.53003281374385214
0.25346249982410229	 0.30452199947208647
0.21395126577185064	 0.23814708077481495
0.43245913271441083	 0.14174331670052287
0.24292578815618804	 0.60895803067574272
0.13121677172892576	 0.79395114841912129
-0.076185935910877745	 0.85783097475164793
-0.42276157714555113	 0.61369366483973353
0.011476701829338798	 0.33701720608084673
-0.088169351494018611	 0.29203922098498869
-0.32703746521241844	 0.13570067939864816
-0.29967724569126836	 0.13662631585484997
-0.27767732915360355	 0.14397251833092728
-0.11820566915823411	 0.19455631600227896
-0.36573033354511963	 0.27936120123774955
0.045239211779664834	 0.16853562754334317
0.44060907556703732	 0.210240855251699
-0.29167182826980564	 0.10093930778553406
0.01485684025793188	 0.065347240821044039
0.3569456631582909	 0.12371132692682618
0.35843573643753102	 0.10055094920011465
-0.1170636818823701	 0.10708592561809982
0.34296206144753938	 0.044542318865483432
-0.48506529814799565	 0.19179824581357341
-0.047314057381504238	 0.019594745816131964
0.148431643679939	 0.1206533947376226
0.39160809241775796	 0.43804512086094705
-0.11359051410741661	 0.26875366759567387
-0.39725471283181324	 0.20437496358222695
-0.39274075622332316	 0.093906230996006812
0.23097141353924355	 0.04506398603600914
-0.37891622813368042	 0.16248955237601037
0.36072174360077913	 0.084430907254487542
-0.055077321154567094	 -0.018173329661464233
-0.44645709588493088	 0.072928494957000378
0.10364753175696706	 -0.0093756613187134796
-0.42386054989130262	 0.32864400381860825
-0.022643031795808621	 0.099783294343099294
0.18088595461141599	 0.0076478560535317985
0.08761615193803618	 -0.018468526742489111
0.38918761717583406	 0.23588738539153953
0.35384848986465878	 0.11090172814137955
0.28793890671242905	 0.5244845072783928
-0.38848971244343078	 0.43250804357100314
-0.26435717975923662	 0.14240565591412091
0.42220857316730942	 0.10948852876560089
0.15674949980189534	 0.041762290796797608
-0.32374810465786052	 0.18821764468098445
-0.36946325556815751	 0.113034900042285
-0.32839366040583406	 0.046885002169852141
-0.46680244149956968	 0.073468954160963662
0.4889724808693735	 -0.0094517974262913196
0.054542657711795783	 0.51331254212653699
0.37615961994796976	 0.21887621837785565
-0.49609281727862209	 0.18621153464513718
-0.49277140013536969	 0.019763136392347613
0.024591263162247468	 -0.057451330316461102
0.39551527513913587	 -0.028267749961146171
-0.10636191377712501	 0.00085353833422097125
0.12733655033043423	 -0.024401077732916776
-0.49722548154984858	 -0.071634203636112503
-0.37539050070354274	 -0.10787818041171909
0.24842032219675381	 -0.075156319401780747
0.36349626251659184	 0.37300730288187989
0.069532178141890166	 0.078251914397532651
0.30196322631182304	 -0.049607164201177278
-0.032856206192102388	 0.20736881526394968
0.14567162871624884	 0.31973267754872414
-0.22067980548398558	 0.2523387632821219
-0.35197025204634769	 0.16813046267290321
-0.26671221981137627	 0.0025461029895890164
-0.33149218877381281	 -0.049931928478527621
-0.4981217626473502	 -0.00033282222178249166
-0.4787733135646085	 -0.070167088929324661
-0.21998190121724359	 -0.099030592887166868
-0.26247894240658681	 0.045662139018092018
0.44343525960270092	 0.025713938481894294
0.43676759858465175	 0.38810600731836153
-0.08622704659878605	 0.28840976774770044
-0.42602799643111788	 0.094791730489938164
-0.3916260622868436	 -0.024965911470001267
-0.053029488098355726	 -0.077309330291257028
-0.43705551556174438	 -0.11369420945674902
0.16291659589061358	 -0.13039943054580982
-0.17686986861604725	 -2.7363539809588389e-05
-0.43314833284036647	 -0.023745719377011421
0.17014519575524389	 -0.045206686280163
0.34772139454620021	 0.36816208030467323
0.46236694229876951	 0.33933490840513358
-0.43621671848754245	 0.11822780190824611
-0.02494205558902679	 -0.025726201686269212
0.46514146121458222	 0.065675785349669225
-0.31160721919108519	 -0.0062102178390957552
-0.27652173339227293	 0.011675763300952768
0.32863772326551277	 -0.018117231676275436
0.25792495941646632	 -0.044207214552469398
-0.47455850754611123	 0.28335294594029481
-0.20421848339225096	 0.070489308842458742
-0.096403412332946137	 0.16727700338030571
-0.19523831303009687	 0.013283222311065268
-0.056188735438598647	 0.033370478853030461
0.13688436785567759	 0.2556263428279506
-0.026730501803909679	 0.12560996154069448
-0.054310497620287557	 0.059258902185772233
0.15811105475673037	 0.22789707048496544
0.25328759744450802	 0.40514591961261526
0.18321055997312563	 0.13620123877108581
0.10154631389377	 0.14571097047753212
0.19005519556349848	 0.18184785715823015
-0.40301648709132171	 0.17451248473513115
0.17551831792831341	 0.048378250779105736
0.29842913374231628	 0.27986228334960161
0.043954024810322623	 0.3496357297138144
0.23846280236656903	 0.2855824211613307
-0.038654270832731541	 0.44225541300165183
0.36708415619427537	 0.41879577296429527
0.30531446952620267	 0.59135884441198927
-0.36850907554314893	 0.60676596329548982
0.21480555027481429	 0.33192144806656954
0.26768141135931078	 0.17895757715219307
-0.3047257935650301	 0.4374717596501716
-0.31013650531421255	 0.30729329662012228
0.23282287210823172	 0.20027839466955299
-0.11633301275611529	 0.47002850939098395
-0.08665823870648548	 0.34165663056648499
0.061460594908083088	 0.40824161006026238
-0.35840805380531027	 0.51307955048347065
-0.06121674625259671	 0.24065586890422308
0.35724211151583218	 0.31351582303502967
0.045188533861743485	 0.60868705303392789
0.24354494118296777	 0.35749707931645358
-0.19894662392276646	 0.25094003352098326
-0.31792709828257892	 0.25416156014844171
-0.2831855610866032	 0.14377240585047657
0.24674287845694598	 0.096056132868079347
0.34018395647415145	 0.31525879993681349
0.47010203635790482	 0.19876006214369268
-0.070046562035589732	 0.36477310259293905
-0.058269730097739836	 0.40672924577335623
0.1601572319214033	 0.33390806371825854
0.026936951338749848	 0.47929780651190312
-0.38275141263508772	 0.30479836068349675
-0.041413634801941768	 0.11634804010408506
-0.42910902431658893	 0.079042449427327854
0.35571138973148142	 0.024808620058897723
0.41993209436532675	 0.49668373081845263
0.43797513234334773	 0.86280775541534349
0.16102585879202269	 0.69985374109105014
-0.44857698164348347	 0.54304861239613267
0.15278068215250074	 0.27151197888096101
-0.07129272984866647	 0.36067525297413061
-0.25330277520851363	 0.18438037919230821
0.34264417683828818	 0.13797490097891241
-0.33846985820609604	 0.074328496117703646
0.13036421250103236	 0.10025167685172687
-0.24401406233385858	 0.44602239160528079
0.22299073716764839	 0.36919513489613975
0.27195615869572209	 0.49710300531250828
0.19476919187920594	 0.22793715835288642
0.080232848217819286	 0.3981007516815338
-0.18285530744253436	 0.33103189960994928
-0.061685867403487638	 0.16934021846832459
0.38128622429505277	 0.3075153846239862
-0.00078240572511328876	 0.20892505568646413
0.15512857150990911	 0.29146147021558044
0.12802910228633746	 0.22638851380185709
-0.16059844971662313	 0.40422896130921071
0.12523060786781393	 0.35001910616010679
-0.44201745974925227	 0.44899539162780822
0.28113182018563698	 0.20295697122141743
-0.21461216067644401	 0.23623807419091714
0.08491949158949752	 0.15910293566682565
0.39838040801621066	 0.41345749302682422
0.24397420452161422	 0.49176455102013805
0.15581046727290859	 0.56700043578348858
0.25409179728203068	 0.55574283378608391
0.16390629842127968	 0.44172000595551464
0.093785599150595034	 0.50259263617240024
-0.084882343925946568	 0.25267358378744542
0.21532931677779621	 0.33502395377970351
-0.25343371869690423	 0.29056449706954646
0.34382492622538696	 0.22340301276323649
0.46202654203494387	 0.64968068261934331
-0.41078954232427733	 0.84928935888428025
-0.49464493244637031	 0.47477848641805087
0.09239075407031494	 0.22881123602513598
-0.15480360419247469	 0.38212328569519149
0.22834580472127808	 0.32101093703149064
-0.13565308769962431	 0.35794369057848963
-0.46003441277892998	 0.34830719495765128
-0.19142134706090269	 0.15542221150918323
0.18149160485784133	 0.23923519323622489
-0.021720280182417617	 0.57993025137145948
-0.31013512323151116	 0.29725915644299561
-0.31929080133293331	 0.10706219711964438
-0.36659170913816974	 0.08407854275324167
0.31789397952048759	 0.024714707499970068
0.020110748950443624	 0.40277695327844332
0.25863889872964418	 0.28441246639492412
0.37587651977123526	 0.10559560133523582
-0.19875743086391939	 0.19461205468244502
-0.45597326241246111	 0.18946272699360156
-0.039203989104928449	 0.047939847146465375
-0.30037702331337007	 0.022297980167675369
0.28800094210915317	 -0.031865641379523968
-0.38339352229768109	 -0.006702960773154798
0.45371477396866067	 -0.0036110691819463692
-0.048092759935228491	 0.29794597305874948
0.21039207731857523	 0.31819809610959027
-0.13116757042294719	 0.53758930634338031
-0.33276344315743234	 0.26492463023844981
0.456958358621671	 0.06190396614022009
-0.28734264466322151	 0.29072362212499114
-0.37073690158814976	 0.1025179210647007
-0.45383118416826762	 0.060054353711513686
-0.28198757664393054	 -0.031006984889854261
0.22165385248216518	 0.077531538397423994
-0.10863478836074231	 0.21863468706104028
0.44635822807734749	 0.24809119279383851
-0.41399923568312041	 0.31396766574681179
-0.068669201139672287	 0.089431234174593421
-0.24506311944921644	 0.28118190047301495
0.26749236964038214	 0.10490872554408548
0.4096105186779101	 0.05365204353760733
-0.055198242215066307	 -0.013595690613297906
0.44820156830744895	 -0.0042203888424784952
-0.45698119046025965	 0.44088660280875769
-0.23730426316024	 0.15326630836863697
-0.031687682742107537	 0.19132556090139863
0.30165770826938454	 0.051859525115494742
-0.36142774385466603	 0.21248230885337716
0.26955488639397307	 0.055515205962474945
0.34568444632258477	 0.39637000252562626
0.099368267040405578	 0.69234500344317973
0.46917786308060305	 0.4715672269957647
0.13368538796607654	 0.86679121001039872
0.21597474474272449	 0.42203319526008287
0.42289263658360232	 0.31391711403533717
-0.41440737196915195	 0.44482875116125298
-0.073633178404361566	 0.24578953433699979
-0.20827493383934487	 0.13811940246941568
-0.24717081512658429	 0.20414072753770229
-0.1166748202483518	 0.23348273124878838
0.0043824214974336195	 0.25799854184253501
-0.1179077167147341	 0.45697122402049573
-0.070506003950958129	 0.37405384734194835
0.22239484485350314	 0.36965285853026297
-0.39625386469823021	 0.63569301889340601
0.32085920768829956	 0.2847484193875105
0.16875307293085062	 0.35880105846784449
-0.31025310038135068	 0.28245388285288242
-0.24780999345137272	 0.13616613167828018
0.42368995348163407	 0.096789115663852288
0.45723926925903147	 0.3515938757189514
-0.33819947523912391	 0.40749818815329286
-0.13150828919909346	 0.21261675193493312
0.40544083756648042	 0.25837889408230796
-0.29518066569938356	 0.15011048254529236
0.13118744764066648	 0.14366114375722505
-0.12624684564128835	 0.3287259993300633
-0.49352295742999902	 0.15445789091220519
0.26975970378600045	 0.016019304613652086
-0.35669195971297657	 0.47991979251290529
0.35216148889258569	 0.28066902261963533
-0.13087202963925526	 0.18266026488671672
-0.38751409709803486	 0.12981558757265832
-0.014153123606998996	 0.077508417622710324
-0.41489728489653083	 0.048134584735374131
-0.46462146098009377	 -0.0015202446330276342
0.071439504423849054	 -0.057088564018801968
0.011469536699107663	 -0.094474983128478018
-0.17289639481943864	 0.17839268320944157
0.32426868929726471	 0.044233419820117192
0.3947947169164171	 0.46883261942627796
0.33148602714365627	 0.38312565736614013
-0.29363902788313057	 0.17146131795932607
-0.17571128750020232	 0.081022086862978959
0.05388087153149812	 -0.014615278491108386
-0.18989289258136083	 -0.064946374825528563
-0.35485208027756404	 0.029723224391134395
-0.2773660560033126	 -0.0035252636960314554
-0.000145992497050218	 -0.018570915202743621
-0.10266207372893676	 0.22657722150224213
-0.35367610252167847	 0.29831777630462875
-0.042906723703679983	 0.1522603706825445
0.059138451497600664	 0.061941478096446456
0.01481560827922801	 0.085327739745706843
-0.1374658866028608	 0.17363550919323756
0.26395778579821705	 0.086456304968060227
-0.35399694408010551	 0.048421452380392305
0.23628726775585085	 -0.027311720501928149
0.27043482836821808	 0.18976558139062072
0.41576275970589494	 0.24508052032842653
0.37959530804287422	 0.14163164275473616
0.12259631679514249	 0.2927988198985958
-0.21510926993336027	 0.3237489675767764
0.49208121094483936	 0.19220999886411494
-0.39155680681185645	 0.29277482136502342
-0.1300065548298911	 0.13445281546588062
-0.47254025003525441	 0.039240464033475586
0.1798826976119926	 -0.031064456060638956
0.38146298186921657	 0.31349564881152281
-0.14543664485469304	 0.69068727835861043
0.0041513869092573152	 0.51108914149607698
0.27625769831997238	 0.43487581379192863
-0.313950618176698	 0.33099748725789446
0.21051235902612675	 0.25203528987472446
-0.39945358964589128	 0.1332146739029052
0.23993025382046129	 0.041485253871470951
-0.47938053355523408	 -0.017862427407282777
-0.25430566945779398	 -0.052527880684919204
0.46256419781714875	 0.082108577753459255
0.020473473947715704	 0.23837897209736947
0.14303225681326925	 0.24667515773138704
-0.39111190517019101	 0.42324146583929179
0.47756675024403572	 0.14629567510024644
-0.29782929215479143	 0.51972931453058369
0.12370370357469829	 0.19351753668956873
-0.15989913635882508	 0.37244099076943193
0.46612849410908697	 0.12298421304754681
0.26970675949459277	 0.17850765145939151
-0.42361186906863557	 0.58684666873679925
0.23656332201164365	 0.27401940610466347
0.18546951873482653	 0.44347860950474938
0.45598343943989994	 0.23387655649660855
-0.1408403611932138	 0.76915690814329851
0.47036024880146621	 0.41107469538667218
0.44806464991907802	 0.62279534874202569
-0.032397168005070254	 0.53172189302148976
-0.15964630649408618	 0.58497721412303316
0.47552439988382367	 0.48335591930819688
-0.35251447085873899	 0.2952916241462431
-0.27818332462486967	 0.21192090818056442
-0.16991224497086937	 0.19825390637684626
0.15163691605051832	 0.30922961076725453
0.49807437369510266	 0.30882876398280912
0.016137136852432565	 0.85014348033425557
-0.13785072492335493	 0.78920778503960753
-0.40137921595078857	 0.52198398620306441
-0.24393260979276737	 0.2758499185899197
-0.11723125847858901	 0.29940516040394982
-0.15568488540858255	 0.16322875590737917
-0.28136841197561868	 0.10428327736090426
0.40324221546912664	 0.068661417493891763
0.48734737140468665	 0.43559128521100954
-0.17248031714580969	 0.92599397636258884
0.38080896524750119	 0.59091511908933358
-0.31048192075010478	 0.51674472868819255
0.4512233864288886	 0.24533449007804964
-0.27909017157698524	 0.26701484883299775
-0.34435342710667916	 0.15875997969991984
0.22093014545782008	 0.077421527928974943
-0.20270204017995952	 0.11256460376023303
0.39220989490496461	 0.21379171499258254
-0.093600335807353441	 0.72729660609056435
-0.24671860120572087	 0.43912173599732118
-0.24863046675391054	 0.34507328684345873
-0.12324008747154852	 0.16044462012524474
-0.29865395175230408	 0.29482921211373014
0.21897236524101926	 0.12672678940642945
0.21711360650002653	 0.091903204056286936
-0.32312955186848041	 0.37761397352943749
0.36645789484794156	 0.17581705013973314
0.43893028187515692	 0.61690471972531546
0.0069582031606502115	 0.55457101965419775
0.018094810432798591	 0.32841263230762485
0.43700465510459829	 0.21337853767103021
-0.47690466045257851	 0.32039927699503257
0.38024408550944366	 0.11574966527698738
-0.46437456131185151	 0.48131944695519424
-0.2208372697796846	 0.21659314846521349
-0.23698717343480658	 0.10250783940187924
-0.12005944672043412	 0.17406375272729813
-0.0022056817553032793	 0.30667305758790286
-0.33374495843134122	 0.28884949613422184
-0.13271207531574747	 0.15011160633025056
0.32531400109888708	 0.27292366046947181
-0.45293599318384004	 0.089727715048959711
0.056806003934147808	 0.014118334511294073
0.27653738752777568	 -0.039671149320782695
-0.23202616476082533	 0.076360761133325239
0.21245257682746865	 0.018500265740413857
-0.0025324674800655256	 0.14090070193683424
0.06527179505921521	 0.17923578217863989
0.10466247126677186	 0.079384888047588031
0.40386719671258109	 0.12702049304985019
0.31855319385349434	 0.54098940031987985
0.35603200497852261	 0.20323487611524671
-0.21937289075896743	 0.37991731785080263
-0.48010075789880974	 0.27492862907951388
0.075004369753880584	 0.07248708606318266
0.49774071574105916	 0.27941644870003035
-0.30323030976729015	 0.44788802813838946
-0.058537735863839147	 0.24751916408113983
0.4366709971505548	 0.26747260796138361
0.20372789339336006	 0.71565282513809136
0.45955707503462073	 0.75290871483606514
0.3736756517894918	 0.96260422871541018
0.22682323294078155	 0.66640513790263856
0.33980116007840311	 0.343251377793649
0.40930109094330158	 0.52080311290797643
-0.49401403730456439	 0.94708084935592196
-0.39718601335640347	 0.52830924608811336
-0.21075835624279377	 0.32408540366279115
0.0037802809401323856	 0.37763097645965726
-0.23093097178774463	 0.47357487306975066
0.15652956844145882	 0.45093049063674617
-0.17090571796098059	 0.66734457511884937
-0.18386696497158472	 0.53017258616318741
-0.28666442809005477	 0.4699142685369051
-0.39436833089886619	 0.38597070244097997
0.084106870733251293	 0.1911915626967402
0.42578814873741389	 0.11481312778650743
0.10309920162106823	 0.22338836287331487
-0.35062133467319484	 0.30557002454950322
0.030450620004185747	 0.1493004957148476
0.0069663983336493152	 0.29377377914564429
0.46793185964596073	 0.22859389604565084
-0.11351737548295288	 0.2918387183667619
0.28759350757468194	 0.15091484941483979
0.48783110174715105	 0.07703786323512074
0.46148699427092776	 0.40722335744529947
0.2853342228500797	 0.80403005219374979
-0.31539920848580039	 0.70501329447310712
-0.097050741592911438	 0.33563890145033337
0.22200521953497321	 0.28739029406247596
0.38832868490755967	 0.37966523702621724
-0.13749366702395194	 0.79938988261220723
0.095680870858803835	 0.49499248486374547
0.11515191738267982	 0.58521400489188657
-0.29769250741121012	 0.74924220880046222
0.0049819613364441295	 0.55007859530274383
0.12113788054377672	 0.59310898917851085
-0.19487852076761358	 0.40031688810110833
0.2942236055593116	 0.29132537391511693
-0.37508183898175218	 0.56789027681062199
0.074190507910303127	 0.38154449273770985
-0.049246826464890869	 0.35006446380581524
-0.045987556942732821	 0.36814445672412854
0.3903235429387184	 0.38340520651094101
0.16408874591071565	 0.3129038049833015
0.059644112158401041	 0.38232890291708221
-0.025569586793691645	 0.42461932193288132
0.089876894182468248	 0.29081694551999715
-0.33725668622053073	 0.46166707204863422
0.1238090789987748	 0.21828045501737048
-0.37967248627900729	 0.33808245283695704
0.16970971211311858	 0.17083088514305089
0.09174093817907425	 0.26934572382773281
0.0068101382380398867	 0.48465580665425234
-0.042696780777860821	 0.45345575309444519
0.079572039460564015	 0.3804503317038197
-0.031702867491032405	 0.35728416331119206
-0.25736255839344235	 0.34492617447123575
0.26417283097476363	 0.16219634671706895
0.37124639091605616	 0.39159337585430376
0.46464266114153097	 0.23228719393515207
0.15250151541666201	 0.55518886105012033
-0.26624727657355707	 0.53383405168694709
0.060323531534673402	 0.32892278939867858
-0.23234656766631945	 0.32197766374671732
-0.063939783984767184	 0.23983980878895372
-0.43469450712888247	 0.23173127446199837
0.38879131287745727	 0.084015209553967907
0.24118169571328052	 0.50259143007770812
0.35952909843042913	 0.69618650295420204
-0.48629052610429496	 0.94167505290565079
-0.18462779684207764	 0.47930140386371511
-0.18971772850012303	 0.27823812397819814
-0.032278083047027728	 0.24100160227028122
-0.29430425436902058	 0.18322311248771483
0.47437101741059262	 0.12387674604890742
-0.47263397088862674	 0.07154457133098302
0.18012615930294906	 0.012611100816110055
0.064247911593060869	 0.34117364182438026
-0.30989065710915747	 0.49208373590978205
-0.19606476216393742	 0.20208221857127429
0.18457542531405358	 0.11284061316613991
0.35981905500396116	 0.15130697245871305
0.39567617601513683	 0.30987658930660289
-0.30861443644790654	 0.22288150302582022
-0.182877726239561	 0.18395702361580346
-0.02475178498996039	 0.033104382711072411
0.15968269606106111	 0.19647135519640768
0.059759715366996646	 0.31427176543472846
-0.26057895448085799	 0.1710463692484655
0.030929086511455983	 0.071609522022305527
0.024402376042866325	 0.24078588300409987
0.39192256093580391	 0.38810286443119457
0.26468180993789892	 0.72393732297124491
-0.41527409288812156	 0.40784390750124899
-0.34042400719617683	 0.16797101718843321
-0.29925797451252956	 0.086107280604126091
-0.34996860001700403	 0.088975906672709382
-0.45163269431871955	 0.052477406380389446
0.44192372120075096	 -0.023379125145968016
-0.49043950205223613	 0.30390185499708022
-0.43792322042301446	 0.094390629249796909
-0.24270407610698791	 0.028175530943513993
-0.18015723008669782	 0.097526509215025481
0.029798696529957813	 -0.0062477784469182618
-0.037008330010347201	 -0.015763198036495341
-0.20578621314176648	 -0.015944167721944791
0.057164725641331016	 -0.053859674129332125
-0.35688217117305943	 -0.085034076265693259
0.35846169845129439	 -0.019176122321784728
0.2472740685321736	 -0.085551971748342615
-0.052946933336996904	 -0.089705363638309055
0.043037123765348073	 -0.041875087805867295
0.10709312307047336	 0.021353001243048619
-0.15727075778752136	 0.15769617398192226
0.23442268731744154	 0.094784887843622601
0.42421539683091236	 0.11309714625095468
0.31797745722251824	 0.34695122474675832
-0.10589461708715864	 0.15648966627949079
-0.016024888267752224	 0.24348603957782289
-0.44260149772400104	 0.30426742424271591
0.42503446942429735	 0.087329079463064785
-0.49162251269054719	 0.34814463738758539
0.44932106321180287	 0.10400298666055297
0.18971627889653497	 0.230260845778403
-0.4068966051130074	 0.42730740629264474
-0.39110294445003518	 0.21338346058891888
0.39045830438400542	 0.113896497474957
-0.25686520513001143	 0.2583095726007496
-0.34273563876875474	 0.15471384775045749
0.33238202558475638	 0.021713861347378405
-0.24730470671658622	 0.52476668768279766
-0.28065885919176919	 0.19850988511794943
-0.41032205098789282	 0.19227201114513481
0.072538063196715963	 0.081018559778793575
0.24913983780384985	 0.018662908433469072
0.052669619001759926	 0.0046608842190636324
0.36675185005494948	 0.3033671414054806
-0.19369543702048037	 0.23479207771081345
0.1957874478287005	 0.080276741453150224
0.22521354850624387	 0.40507041506522201
-0.44642136848830682	 0.26833392548553081
-0.35715948597395769	 0.069680554131953176
-0.23174932819406935	 -0.024663346486452131
0.16067175458216654	 0.034332245785136495
-0.014430243761479056	 0.31692119164700916
-0.4973266413422891	 0.2830327751065862
0.084887151413079009	 0.073113536797795975
-0.19645278700462204	 0.10288164791741283
-0.10322125842944779	 0.13887856396172549
-0.43113773732033456	 0.21396993104395534
-0.13905428472862313	 0.03255845643870936
-0.17818678947081174	 -0.018475696485367732
-0.4227602495452204	 -0.016732701023266905
-0.18973322198248155	 -0.042318256554350064
-0.4884705110399381	 0.01990808758624707
-0.3296568546582278	 -0.068789141403970078
-0.080836165966855444	 -0.037322389292851588
0.40198779334406731	 -0.0041808564343696064
-0.086522059788239236	 0.18183628916609229
0.07642819526438982	 0.015574862794362487
0.2343698184631624	 0.075963679180054422
0.16617323349517454	 0.12355057947115533
0.29576933653828197	 0.0074583527268949901
0.32404776794093093	 0.10429206342589592
-0.26128870377377078	 -0.02973097955928905
0.044909173876470532	 -0.065304395759806178
-0.12328261352297043	 0.060094455881001041
-0.39453685371882136	 0.19946087237252219
0.35121373685599011	 0.041747736811408975
-0.42749516569426987	 0.30546072758225362
0.33067669478742256	 0.098827046097155424
0.40479236836768329	 0.38219547252787289
-0.28465465166822757	 0.63929724514070374
-0.40107263387230813	 0.36674766083694976
0.065464122949849823	 0.12939035621824768
0.20091510503595467	 0.23254014899197717
-0.39839927521459723	 0.25433834465664629
-0.34964872610273245	 0.078605166707071961
-0.49553768243432866	 0.078477478190360994
-0.0016205336440450191	 -0.016796827384628399
-0.28078646342306701	 0.24295863708329124
-0.13459196669729051	 0.20886452751339513
0.32019267688514319	 0.099527257550660053
-0.20354671296828741	 0.040753709659516302
0.175674811320228	 0.073777906283661765
0.3317221658452052	 0.31759665685559413
-0.033203567626515218	 0.13902456753561665
-0.40516135511228879	 0.044396851039482099
0.23370995872361122	 -0.051593050711298161
0.38027437305090683	 0.17713692729997721
0.17126684061776232	 0.15438827676264755
-0.031920222813226373	 0.18177475941366472
0.04644760608042009	 0.29774851519040491
-0.032963823309617057	 0.18796296802388857
-0.20787245533795679	 0.25523837486506773
0.2851589027723106	 0.2353700404846526
-0.48805464989880781	 0.31722340946298178
0.16884493113907284	 0.084937452530801649
0.3906220490534893	 0.34356192468480029
0.36315908695718235	 0.69364889106002892
0.24134976544480291	 0.72397703880330511
0.22129874337525046	 0.58208262691399115
0.26795145532486564	 0.55618015414524513
0.45669511424223663	 0.5229671534146394
0.32022610950294239	 0.4547261519798298
-0.16658442219094577	 0.69652144223222767
0.15761021881253001	 0.36035075718421217
0.42182683428834511	 0.50348003104095729
-0.016233148293678279	 0.87863896188521484
0.16207253637820129	 0.80494792751970046
-0.079793699821361197	 0.82120177079851886
0.20298038828325471	 0.69299336658830968
-0.47251943078475045	 0.79957137670154399
-0.25960102340187924	 0.48436616474923966
0.49943367578062869	 0.42612246004263477
0.20315538100113872	 0.49328061236079646
-0.42787885802233538	 0.62451730267888816
-0.033769892311547811	 0.41133496619544285
0.29799402588885004	 0.40313337194763421
0.30583110070127584	 0.61467917683783413
-0.15349551972630227	 0.58852605668971258
-0.030739133959048981	 0.49603368015826477
-0.22608912257761188	 0.26599545116041723
0.39295208681977922	 0.16700643493247891
0.43629704273133396	 0.72769449421779586
0.066038422084431336	 0.86262587426790582
0.17811098912642853	 0.48556493044948446
0.4482423928325262	 0.47973423847580676
-0.26511664677649582	 0.80860139590106561
0.068733037714256429	 0.57792976396731421
0.31140147978970845	 0.45305121923846459
0.47623311866830709	 0.51747276462282144
-0.20996821937615434	 0.46895358543318588
0.079352934648912798	 0.4404528738302822
0.43292823244488254	 0.64341212443914619
-0.38974211033887329	 0.74602178839310618
0.41276851245796709	 0.46073785137986611
0.090538450791751268	 0.89187399032828707
-0.46791527651618947	 0.60465431232773392
-0.10346463630137248	 0.34346462787257392
-0.24738901283004738	 0.41723895808321965
-0.047708976337550668	 0.4016884625357573
-0.400484248483779	 0.30374661601755215
-0.21990844361479789	 0.19039125258696976
0.19269000026057004	 0.27574992820559263
-0.40105057316881165	 0.17687565716405418
0.48324693738634095	 0.1242221409239439
0.26481114223823465	 0.45898549913221376
0.065179534985301824	 0.20501770088289351
0.28124096327519088	 0.21878539674052733
0.070642242473849204	 0.20332076753815098
0.41168401525899956	 0.23747473720219858
-0.24949817114951933	 0.12562031969281795
0.34455312036189867	 0.053177521922811444
0.30463610161311738	 0.40261515059060549
-0.31320112841818537	 0.19310651662199196
-0.089408458019331338	 0.17083004486305331
-0.017252909726115373	 0.25867323037100665
-0.36495873605132045	 0.26630039664641414
0.14547489520417289	 0.14560615249661746
-0.44851987247752018	 0.28382990129023211
0.4464427437383881	 0.11020861239940283
0.12170801387247998	 0.1678153811968256
-0.15848809185367452	 0.41188226818491303
0.025795677921639615	 0.34860525842822465
0.054636245851701237	 0.18432181158635763
-0.048230202192547811	 0.20180442370167229
-0.061435810086054643	 0.20357544697190311
-0.35482530335654749	 0.084314609754042813
-0.016145478708737282	 0.049903195234015874
0.33509955361257282	 -0.019478337381672317
-0.10221431618659493	 0.51794030409687464
0.43614554495371205	 0.37283624714506947
0.43461530559445516	 0.36213766631513167
0.17787724019860718	 0.48467241214932111
0.1288355447486208	 0.46058217550869984
-0.46643526804001784	 0.38659258323356482
0.16112417758494813	 0.15218821295616647
-0.10635331347880572	 0.095659816895407368
0.098744266945283932	 0.13864108079645932
-0.057634859605522282	 0.39355883596963004
0.46428892946070477	 0.28690377300490577
0.01042828220428349	 0.77311963362889169
0.19286696924495839	 0.71134831607008664
0.30884204935694204	 0.68468181472577072
-0.1849356166482603	 0.70589582203403989
0.37966584082677302	 0.3509327246180618
-0.28056640912805053	 0.58914754082774934
0.29781147409128561	 0.35646086840231006
-0.48529289522454744	 0.52911792979603423
0.36490848654178365	 0.28070094575360693
0.34929160161376538	 0.76013851354174222
0.46114984851384067	 0.74156422971820746
-0.013383500051397601	 0.90435947774847469
-0.30919649023990914	 0.79929803861016291
-0.013054473564519775	 0.49275512862252047
-0.45874725466535765	 0.5872435071253288
0.14257330756754305	 0.3330628078672524
0.42550971634942558	 0.55901645239186881
-0.3135725580219052	 0.31880576106116787
-0.37357217114119423	 0.28717934933681555
0.26060926996199851	 0.22889657750037662
0.084213125791499865	 0.65378308378519301
-0.43742662665314347	 0.55253855973755273
0.19522457509079227	 0.28291893356000886
-0.2379096340098929	 0.3707323305043837
0.19140891856113862	 0.16903498038426279
0.22878930705077449	 0.38037241683954304
0.42321454357505517	 0.66374200170778486
-0.41494439538332839	 0.43737245482118636
-0.17246642600394152	 0.20080825112916356
-0.13442031649612834	 0.25372042077744283
-0.45065546638828491	 0.25522649431213584
0.33796185620034203	 0.09062425681347952
-0.4415533477168313	 0.43378466663954884
0.35818658296865713	 0.18434370337997796
-0.34697376091357962	 0.48837124473394811
0.438112493575603	 0.28742477990075099
-0.42237982615939335	 0.74908720487303682
0.45083771317770593	 0.34138529524084538
0.45281959835105556	 0.36025626864167326
0.44252866038239036	 0.40093041895033665
0.30012931479147142	 0.19866771689307394
0.41396944639923494	 0.56153474990323926
-0.070854840134668529	 0.29752313682865794
0.49093282455156229	 0.39231318022655137
-0.099085027630946121	 0.28392218497001265
-0.02960209480002618	 0.39114858316924628
0.13350613165344394	 0.19471971892814999
-0.17357531128152054	 0.50646726260017005
0.15682534764372991	 0.45128357763192328
0.25993396051224971	 0.65608572319423764
-0.41296604178518337	 0.76106188446371514
-0.2589615270304314	 0.43735633231967674
0.32250733432476753	 0.27840708392867075
0.28225853330560891	 0.72681573579098591
0.0031288389596756394	 0.6003714125853894
0.013916252420244857	 0.48280960150947916
0.011047839890722111	 0.4870655721636914
-0.073656617930930368	 0.37756776862449781
0.098971857036916466	 0.39836553304105493
0.33858141388678054	 0.54010982071883817
0.29192306557294123	 0.32913764247759181
0.14831639111429284	 0.29209965614616928
0.17654326962146127	 0.52593978350871451
0.35036971832177122	 0.65504229796874935
0.0065029736172886876	 0.64716278123375393
0.329569509173543	 0.51857327562217304
0.28848221143171293	 0.57234788193195141
0.084123147457895397	 0.53806329986908619
0.28040722188558764	 0.53377688554553626
0.24130180931710721	 0.76333842990614231
0.02665180737462447	 0.84698565639082735
0.08053653621139778	 0.72700242602681175
0.15527125525068086	 0.71016351825509849
0.45579696723995589	 0.82926505015590335
0.071469360297298667	 0.85023237509551164
-0.44381377238026531	 0.86197297407310103
-0.073805127560070294	 0.55834871400307651
-0.29502450804925734	 0.52752035641340722
-0.11738908366178585	 0.44184416221784106
-0.41697978038200167	 0.48057633093884378
0.46490945246299242	 0.31706630035601191
-0.030355125446969222	 0.5961465608812877
-0.17594130741243313	 0.5658374325164115
0.28741678632209855	 0.5459249366336294
-0.2480965926070216	 0.63223978582899409
0.32718753201290385	 0.34827778566079814
-0.19866696172331783	 0.43125237749217749
0.26295124728370045	 0.25587512581819727
-0.24646908638368786	 0.32739189895879717
0.40030489577925987	 0.16052146351567953
0.1015326611704811	 0.70128945543226817
-0.45454602081074658	 0.55951792289913382
0.04862128642789143	 0.28128325925720565
-0.22192406967371892	 0.43892642624955802
0.39582369751102464	 0.24867843823271718
-0.44487574042048106	 0.64419400072401967
-0.39235456096583721	 0.31455956670105123
0.18430590847707629	 0.18786002536053137
0.13924740750307563	 0.18891114134261133
0.38805266138541172	 0.48859303717998048
-0.074392282671477794	 0.62098584070077134
-0.33410078558796119	 0.30228435717329738
-0.031410802868851839	 0.18377048652693873
-0.41912102788645822	 0.15019007837559506
-0.37830381834800531	 0.084799520649960214
-0.45994144257155312	 -0.00013984817545897865
-0.36293480026672353	 -0.052811483928422054
0.047891054091924401	 -0.015512930213099296
-0.25496595062081051	 0.19221716370043374
0.019676116071490668	 0.19121596846334676
0.13091127370992273	 0.18828401759224667
-0.29005649862347938	 0.092088078109168969
0.48932099062452139	 0.040431304319958894
0.45496996629748954	 0.0014594272589872892
0.49736028816428046	 0.0093341394763641894
-0.2587756024481615	 -0.045335428587302551
0.2821574978447321	 -0.075134410731573675
-0.20130667402469865	 0.20812112952949446
-0.49582435516446099	 0.070053897737830884
-0.46431158853895571	 -0.046401306078915516
-0.30100177871110001	 -0.085310908073025327
0.1057083060060201	 -0.090668115435953545
-0.41885760934970229	 0.32325836632009963
0.24761950771679142	 0.11354538266514402
0.38378423633230119	 0.52584241104721618
0.47696608816132235	 0.31890518354034048
0.30274376776197165	 0.64698150742516325
0.49142967583212516	 0.42419747015495246
0.16127199617273735	 0.14672901116544157
-0.058008825200613956	 0.029375966355158267
0.37948233675187559	 0.022090018017794755
-0.41312028696440173	 0.35353246808800431
0.1078903892114248	 0.13001474518594469
-0.15192846658263748	 0.35131192436137293
-0.33224131485085995	 0.35528522959550957
0.22958657086341949	 0.24582574740561203
-0.11186990915419065	 0.50667212915594351
-0.19517611465192219	 0.48099214631116394
-0.22252237551031745	 0.33240013744824881
0.13316414022499889	 0.20417614963736375
0.32450000141956847	 0.46941899730560199
0.40838889819960522	 0.24884602050022409
0.34310764206718081	 0.49465698197047847
0.31382099204408986	 0.43457234324605754
0.36335886449709487	 0.28773733598827556
0.34046792976579998	 0.58017968199657366
-0.44495461086973298	 0.51282328355248108
0.14551636187616568	 0.2454763464992582
-0.36083874472455996	 0.2221766832397456
-0.44077896603419398	 0.13981152329235891
0.18120477333720997	 0.06669476038699762
-0.16184052296999868	 0.45074716255643477
0.16492933997182613	 0.39953864128761585
0.26234716398750768	 0.5632600428560679
-0.41422101571886849	 0.73771639135855738
0.048713576304127315	 0.4013477866551296
0.23931325168316875	 0.18999276188865366
0.38852275204310327	 0.41011455214044168
0.040143251670591185	 0.26102175417659823
-0.099414752609755241	 0.11630226409146749
-0.16948607362317203	 0.2220058145391981
-0.080374412043194454	 0.15840228040731386
-0.012535039574157025	 0.24603389002146581
0.43840431605391406	 0.35744093611592009
0.26769712137416801	 0.19124370926958512
0.15522364604064431	 0.35384723326215228
0.16799088645167226	 0.47969889593602311
-0.34417278778002258	 0.62999953592202829
0.46004753138872212	 0.32857842646907653
0.44546851140701604	 0.40445562667772283
0.28899135244497631	 0.39500049327899278
0.28454753234262931	 0.40799865896584087
0.35385740914096009	 0.45885942782197287
0.13209899404649572	 0.80451955567438094
0.098368523921057771	 0.76363107088164495
0.21721627317239356	 0.6898859582153436
-0.027433076653365529	 0.72454486630415404
0.15341391351698619	 0.44732573373276252
-0.13726736495144076	 0.70157105952071763
0.1117281790877358	 0.64204340412782535
0.21263494748279221	 0.71967128379939971
-0.45606259207989208	 0.83161157753198101
0.44988765611773718	 0.51990226735456413
-0.12243571254538171	 0.75829903657722042
0.30628457237327689	 0.61808224728951977
-0.4643333600667926	 0.79485854812827306
0.42627786375874555	 0.48171947774234214
0.045597823590784237	 0.73106254816529348
0.42418939244197185	 0.58087554661737761
-0.033578885036324557	 0.76384220351281562
0.44618307144669023	 0.70127472314259909
-0.24529668164686147	 0.44538334057311002
0.38604670292048093	 0.4343928238103838
-0.06635196859312803	 0.49541721811910788
-0.3068923660586087	 0.53576503121267294
0.15374382382898766	 0.29981364512145037
-0.41112832301814495	 0.60344757285618722
0.36109852085872485	 0.3595733247482451
0.30957103604896508	 0.7743519600441251
-0.45108079209508412	 0.6972603729769058
0.3065670318000796	 0.40358475595832899
0.098562388493941389	 0.35215475683826436
0.33346674071320648	 0.56550833735249095
0.1604244404753784	 0.55941719759463693
-0.26933861792522418	 0.38232525051333588
-0.068164735831396983	 0.29831744707554275
-0.12235928635222804	 0.16777702922870374
0.20322830588707153	 0.30382572842032673
-0.41475082278007214	 0.55913216945650102
0.2403733486963312	 0.26683238468579162
-0.18504351549085396	 0.54775207325934683
0.29788412516838136	 0.39154035904352824
0.28431075661643912	 0.66776175578898611
-0.23515585983877807	 0.70578225123546923
-0.32455158784266169	 0.38762613450503269
0.090595328524054608	 0.22940347010895423
-0.19948921990557072	 0.25435871978509694
-0.39827372454957743	 0.26045609268492798
-0.3638068478851611	 0.11088885840775253
-0.27529982792926011	 0.093629671272422277
0.068147390414098008	 0.059527518288105541
-0.4176237769041321	 0.32200234301358055
-0.020596509110460293	 0.16133662181048258
-0.045805907131082346	 0.11903254058382973
0.016024254502739921	 0.053779283660098764
0.17251112483093101	 0.18697029645770069
-0.39206208376775592	 0.17139134351006491
0.10489593195025615	 0.019408439131042954
0.033609645223994566	 -0.00061002636515899988
0.41750895274687039	 0.016980129092649343
0.15381513985517203	 0.32502064539807884
-0.15982332344158706	 0.11939440259473288
0.016071340775150489	 0.10371318811719843
-0.01271811989728272	 0.14920523700939925
-0.49939888296620866	 0.18308678254960076
0.24673272284992631	 0.012380960713334943
0.41911714473698158	 -0.007697404884893122
-0.12175816931843675	 0.33754008861059304
-0.050038971728663395	 0.23327275191176544
-0.4956336785087519	 0.34827425033131232
-0.38138482108776683	 0.10091884884180935
0.2649175127804827	 0.0093907319346209217
0.30225044665962941	 0.2312762632697194
0.40292593552867229	 0.33319205217632497
-0.47023834752395671	 0.091624805121137021
0.47769885881696772	 -0.0068927460398884866
-0.0064787359472731065	 0.60413373892316025
-0.16972756696386615	 0.37227063075617983
-0.420574866198271	 0.23270864709665262
0.12971441616756585	 0.054101537499944508
0.05497260510687374	 0.019533288557895379
0.14757252421582701	 0.26439760142017543
0.21209063926343374	 0.45647752759520421
-0.46562390446924784	 0.64663066338170538
-0.39823338338091663	 0.26648581051894271
-0.27188510669948773	 0.15613820332398365
0.20688722082734445	 0.11369920977332781
-0.29029546668301126	 0.17554226843181109
0.33301082525076853	 0.039888601026170756
-0.25950313441432227	 0.35246982099928914
-0.3727865144018021	 0.21549471592114133
-0.013174034894059439	 0.11393759462171271
0.080673542609751903	 0.25985701332675593
0.14328482637334838	 0.082364566433959063
0.47410784520865779	 0.022458838650884161
0.081274659643543301	 0.10870961197982598
-0.10998245124238659	 0.28946285877185707
0.39322498947997808	 0.1296294284873053
0.45951649032510655	 0.55105191677389365
0.33997857749461136	 0.37561619509037758
0.39759131143688753	 0.19931268100874444
-0.42186833122832157	 0.36221632812694637
0.10489608980943266	 0.1517852012267138
0.19984175763085565	 0.30588036808110175
0.48105760430035072	 0.60407958799638717
0.13465774275113729	 0.68188363175876487
0.17754061644782337	 0.4958202978009838
-0.025421132112583678	 0.67314961838686038
0.46493017578727103	 0.66918307369187735
0.25696575024955237	 0.93687963714787093
-0.39570671641067912	 1.0027488105183522
0.01990278042848348	 0.56582002085327088
-0.095461725534620567	 0.55103617481654132
0.31638392285275452	 0.52946311733497931
0.054278876424896927	 0.91090565083450614
0.0063048910844628603	 0.81097218200569166
-0.45550118384673316	 0.74864925176520414
-0.23883390321341991	 0.47747746773130428
0.21600942440145154	 0.48045577298518882
0.37750964140403531	 0.69512258441419483
0.0016629623722578257	 0.47891957494362458
0.34322290999964944	 0.46458014553472982
-0.13566439395568536	 0.5140294042370217
-0.4176634954836515	 0.50894836729156823
-0.013492264092663409	 0.3166450074841145
-0.16155654874702757	 0.34401799873157701
0.16361116415989174	 0.17611380360364981
0.37652528513061134	 0.19265723942663771
-0.26833155973271072	 0.53731491735350168
0.12312765401933701	 0.40298054578549136
0.2165038621595613	 0.40707473932615801
-0.37074024876148448	 0.62626775064332052
0.20125932279101544	 0.32734449194711024
-0.17860004849666733	 0.17433777439646614
0.32910150933503246	 0.16295093099746727
0.18231692709136615	 0.2477468397240985
0.45605769425446996	 0.41823120995623975
0.0066421253171945471	 0.79902903730213048
-0.34310420548687881	 0.47337402352671099
0.4209878695760797	 0.28530319233236501
-0.23639212489891431	 0.60566468364399384
-0.23881092143189669	 0.30935327782700361
-0.059109349995436766	 0.2583021509084098
0.16814614956646512	 0.19934815192049737
-0.42242699904480341	 0.47842024921096415
0.49516952642946022	 0.25519664050375357
-0.32554895934907202	 0.81161020449310661
-0.37792818289153662	 0.47047864003672624
-0.24366437724962103	 0.227433453633203
0.39046046505237952	 0.25716567684263758
0.49958145897816009	 0.27115676396430777
0.25799858512263674	 0.29176922935891514
0.23368337505202896	 0.35684092323569172
-0.13608293544318661	 0.50934486183513994
0.34033509010464658	 0.24929758284571935
-0.27980888950629573	 0.71497391127047361
0.20236051580978587	 0.37153278943469048
0.0039462537988770308	 0.21575766886938541
-0.40328360484134573	 0.16308893249951539
0.43402895654273632	 0.10278233953521043
-0.37292609218178602	 0.7053350144396846
0.31322025731821557	 0.39542137827838086
-0.43671129268440945	 0.61275398902074341
0.32833323060922937	 0.30259050351307271
-0.36537979117845176	 0.64007802576217032
0.39239021665062301	 0.32716599578923589
0.010650157234934232	 0.60096598368477006
-0.40932209738964309	 0.47282725452308605
-0.10096765849784373	 0.22516764762963182
0.16754595221371671	 0.36722517254910825
-0.48833422781356339	 0.23299621026937234
0.1626402170689033	 0.095185171648792366
0.42873503078181996	 0.042094597395656908
-0.047443577809000215	 0.55217490781532153
-0.16921363383029292	 0.28640198408382878
-0.49369196872864474	 0.31856923863328923
-0.052274051845201341	 0.11566255945865389
0.0052374068206350044	 0.033790770974341022
-0.37162015115452007	 0.10834848811511844
0.20406157090517762	 0.055558672688474919
-0.10430212812698547	 -0.032160929224704093
-0.37203869264202133	 0.1139140766592186
-0.037939844437846815	 0.074515008847122033
-0.3706187535406178	 0.12436526003879678
-0.0081216280852079437	 0.016168204175119993
-0.19760475479886158	 -0.066316885279786186
-0.15042764304691353	 -0.0082456155441827939
-0.30576111227542213	 0.046621033892232155
0.30634149946567668	 -0.043069798390947767
-0.053711247422597974	 0.3231948044843076
-0.3717321561983471	 0.19360246741185538
0.43341540728389072	 0.020525227145402614
-0.24049099057004369	 0.25356039566055855
-0.30844344888275649	 0.061654047555267155
0.2617486374274588	 0.020570563506745465
-0.1058707817484954	 0.10444305628458017
-0.41605323223213353	 0.074921712846562016
-0.22760120533760692	 -0.028250705805647425
-0.015192878672477261	 0.076799730821253687
-0.017020890729977256	 0.12328957939788543
0.43994474687610974	 0.025402494436233214
-0.0035271064860407098	 0.59094214038578374
-0.35438067412673524	 0.29582632399535425
0.36867977719226841	 0.085918516096180175
0.44902931570495908	 0.46536780525844934
-0.023594307491366873	 0.43460682827144015
0.37498780846362367	 0.17731662938224235
-0.1032447366059035	 0.20467076152398844
0.48164309932926819	 0.18743947431006069
-0.49663234315655769	 0.3922717294192779
-0.3991831661663871	 0.14538167884277575
-0.12265902926337863	 0.059903602960986291
-0.36867103579857902	 0.013446080302733088
0.062876989395766025	 0.031583948340546897
0.0067222171960036325	 0.35463073125412126
0.12320733658187433	 0.28703034744311728
0.36527223506256579	 0.47993447556726632
0.35629457461475145	 0.42677377935100047
0.3174462243064522	 0.77941647406319192
0.17161373406258118	 0.34082525913690764
-0.19741667327350781	 0.16949088849279093
0.4457140681081051	 0.11942483003490589
0.10502914088081061	 0.10290174561569176
0.062092336156448491	 0.25825547090432188
-0.36272938124031262	 0.29878733878428232
-0.13322222215739182	 0.16880355569581551
0.45622155487361438	 0.27484170443788658
-0.27878261347244615	 0.70035480900992297
0.13917657250500126	 0.44219734507956687
-0.058971324264524172	 0.49013492703797024
0.20419649626323788	 0.29577700863602874
0.079121318915449712	 0.60037848660940951
0.43750156924943517	 0.53037607379617824
0.34981582213650264	 0.63771243542377531
-0.052198904357943166	 0.3972868245883594
0.38653088448873296	 0.30632363939407026
-0.17377848582052557	 0.7727243033729021
-0.17721109589431949	 0.45963576150177432
-0.21671385258283182	 0.38092073540947968
-0.19213538649125739	 0.2753743714671264
-0.17384343905087718	 0.28239545037824798
-0.11589701874921893	 0.26500028689395205
0.18520558424536404	 0.37758373008117929
-0.042514474383794909	 0.60085507383988079
0.44697997064654715	 0.43484608294921268
-0.30807219855863238	 0.82407737710995788
-0.41930713826758187	 0.46439013517778438
0.31225220524345165	 0.23464185604410392
-0.45177762440954222	 0.26083463232382398
0.39813908603887027	 0.11095305246198817
-0.016134061159628454	 0.23824493773682409
-0.14919429768305004	 0.22348903100968087
0.34385315368131419	 0.25595067803358895
-0.41110492074447913	 0.37976503830963493
0.41289803847339845	 0.21241464652959019
0.48112377244100146	 0.19126208360130503
-0.044327142436209666	 0.097610869562850366
0.36911959288135154	 0.26452137373819107
-0.29765884103144469	 0.099073359938292693
-0.40515057039686969	 0.1219553020005002
-0.18985173184883397	 0.031160148324076875
0.4065376552317933	 0.032271778181740207
0.17397074898424125	 0.52238905975155592
-0.25235016306506008	 0.22935327750256485
0.25635347690263455	 0.21239201283145204
-0.3782281558393632	 0.59141695686910634
-0.36581927904198841	 0.265554736180174
-0.41742500891789097	 0.15818588549610757
-0.055439251733682693	 0.029509489758760443
-0.082533131624820233	 -0.014287624033466395
-0.10956039540914836	 0.02852447210581821
0.27071730968110141	 0.21724109479551612
0.3015698496259609	 0.43457866767666764
-0.42435481162944566	 0.29636870521231229
-0.27179716516835484	 0.12555577352630465
0.24854982027250805	 0.02005497297575487
-0.23242701018807804	 0.01665294540425788
-0.19110430343593671	 -0.046900188844112067
0.060802025050298303	 0.0081025126045723983
-0.18420463459762026	 0.10532436958689528
-0.29296521786272767	 0.067980133780605856
-0.45533203610933015	 0.078743323876893534
0.1666010677193297	 -0.011171791483787441
-0.44911206464707482	 -0.046354787490989258
-0.36643695685380928	 -0.094884871355880529
0.079499106192728042	 -0.05185418609147785
-0.46798829267173458	 0.0070429352484258079
0.089235900709980998	 -0.076887378414218666
-0.051381301391581702	 0.12750871538488728
-0.26564713370317927	 0.074599197792740268
0.18408533077877265	 -0.018332575125112716
0.25876696722524561	 -0.072513400495506253
-0.35910947893704726	 0.259287572704479
-0.14194392070264739	 0.030117135786862592
-0.49358319630547576	 -0.036393281869503691
0.39724399843124858	 -0.097366763871386652
-0.020172076542010586	 -0.10535554608426062
-0.35940247488180288	 0.080608073165268745
0.47981898951335766	 -0.0024205712363832288
0.42438867218996801	 0.085084880209398861
0.058064393493376887	 0.42472659695595949
-0.12974140636145204	 0.42366909694671029
0.19510598140540814	 0.15620623687127688
-0.14036575688066227	 0.18128335041056109
-0.054096217990897699	 0.010182530218597496
0.4233088162370533	 0.23164310051559744
-0.39181593707381557	 0.37039406401670782
0.21347677228668549	 0.12400456607969335
-0.26779548766454475	 0.52078520905560777
0.16898608797648274	 0.35933223488446586
-0.47072786277659606	 0.40542028586983547
-0.060760705527272418	 0.15592513759035453
0.21365405186715258	 0.24900076994778209
0.19587320540839492	 0.25965046515190116
-0.009872770174347234	 0.30658777293884421
0.34721709547900459	 0.44235001084221315
-0.22462768886453832	 0.2444739985033284
0.022138937153918126	 0.22084767666559157
-0.063547004276675645	 0.1543183087845903
0.22399100974387998	 0.24283905674636652
0.25649180391640025	 0.081397638818731632
-0.37946167396356428	 0.23056922781337463
-0.017242023496535641	 0.11942816735803352
0.39738232497935289	 0.25086597697493396
-0.021405594666211669	 0.39204779121127031
-0.010825219336350111	 0.43628294944925128
0.29462632294494018	 0.25449578895858971
0.45842232925743909	 0.37679055104031134
0.12977230578184706	 0.44202076421128944
0.27444531199263655	 0.50889208568448785
0.38281100098174581	 0.64618259233325115
-0.31216330119043745	 0.37174326746596376
-0.35529609483447677	 0.22128900415459341
0.077916981921492656	 0.17427556337793226
0.047470941928900334	 0.2584690771864544
0.090607687640286816	 0.293183237958351
0.001225797692884556	 0.45942949148335144
0.15565500485508466	 0.55804812886931421
-0.19591554053868893	 0.56340216431242895
0.23343031002833992	 0.4363686322770377
-0.17535890716843255	 0.67679158240602
-0.16664340331528493	 0.36393267580700717
-0.32733039596459379	 0.18985524152801569
-0.46170485576694126	 0.13656290657157566
-0.47077019837255135	 0.048901820820619779
0.16279683386105892	 -0.002632482066896924
0.38551223971206339	 0.20319682218306778
-0.19539788723708962	 0.49010773142661512
-0.31506422945068413	 0.26715828472900793
-0.17803476456461231	 0.18166792978216417
-0.47140687749320964	 0.1116520139324233
0.44142757446571601	 -0.0024632653313530484
-0.057496438528176597	 0.053570135658376983
0.011351099010254773	 -0.031434428744164855
0.33880989944506901	 -0.074190176489820292
0.42109796727127302	 0.31067803169803021
-0.49947412079175663	 0.68687274854446323
0.1334362219243479	 0.26369535777628905
0.37952029606305071	 0.14616947642025147
0.13029818499009038	 0.21359663959573782
-0.092118466083015549	 0.046733209911136053
0.26233129657913523	 0.24240493593622747
0.31813488426531422	 0.30300932284373627
0.052585439082507679	 0.39735385005352386
-0.15975172196503346	 0.4859104778324852
-0.13439417427144673	 0.4303833739107441
-0.35680687374286674	 0.17036296517443028
0.34147407572785116	 0.098175170031448822
-0.47873916941636202	 0.54719047723496717
-0.052722414281555663	 0.23194720392118429
0.074904385290529785	 0.20194938324582457
-0.15409807658479457	 0.38158271783503994
0.28063418286882069	 0.35850001771030393
0.24757398932593599	 0.45928609137503984
-0.11580293235173583	 0.37917400714077298
0.3098639844962694	 0.25061831011675539
-0.089629177278666372	 0.16376283370150602
-0.2302906926396725	 0.29206658653806095
-0.38553390274082028	 0.1056027561673234
0.095306593270649498	 0.038542732915168521
0.091674542795715186	 0.22098773832765284
-0.35694078023402986	 0.20768347955484256
0.036734167736365508	 0.12833274685904195
-0.4658218961981227	 0.30325957820273186
0.15441031877622491	 0.093204597038967107
-0.12445593328422677	 0.37635390222998977
0.45527607107315027	 0.23031428139218324
0.15493619845012963	 0.24006774885668225
-0.49101971182554016	 0.10672854628192185
0.3347963666705398	 -0.0086214634619012354
-0.21476561702544134	 0.30260143089609071
-0.08313817790855571	 0.11143692723870413
0.097127662784013746	 0.1564624431556314
-0.39663073322578835	 0.025678810401392638
0.46944726163961337	 -0.0043751038870387116
0.43737594081898035	 0.20273322539997873
-0.03102490703157379	 0.69419733149274698
-0.38735961256891471	 0.49243771238001455
0.27885001608117022	 0.17413357880478042
-0.00976407644793581	 0.51032145292375897
0.059917973615190911	 0.30158924738602244
-0.14624559909396134	 0.26912993100764404
0.33613784696726956	 0.23957567566655991
-0.15944784398164963	 0.132862362689953
-0.39867161023368669	 0.26424113496809154
-0.27966508585012756	 0.15873069237699822
-0.34958385995104158	 0.11077062419828865
0.011699212487646937	 0.012806175707912981
-0.0099557784898000601	 0.24471840768332931
-0.23511776269186185	 0.23847587057022079
-0.39299419424170356	 0.16150996754577629
-0.41828123615974616	 0.039842798638651034
-0.092058542925891718	 0.0023207060056524842
0.14373997349466194	 0.034838059641059571
-0.38410313189220757	 -0.0068142048858336746
-0.43764822414966681	 -0.058948831468431773
-0.48071596025522612	 -0.096924017816488184
-0.42882706128471859	 -0.1155297642100091
0.21728797430046276	 -0.1061790263499946
-0.47173567208076628	 0.010783158806289217
0.4059693058514825	 -0.082374006976070446
-0.49747764319063986	 -0.07093978516826327
-0.054873849523660645	 -0.12213117426019526
0.0030969681698349572	 0.06970101226559744
-0.39410837595076692	 -0.022398049170736734
-0.085426588349708621	 -0.099170891191005306
-0.059527091011184752	 -0.13001643205785379
0.074866717017659346	 -0.12542575395097066
0.027213799081376666	 0.16210234477574148
-0.28067707539567588	 -0.014214885893121976
-0.43489735989593781	 0.050202246386410687
-0.41286822776909371	 -0.070198920967152412
0.073077325976024121	 -0.091486236943778887
0.40124048707133186	 0.087086731905338333
-0.072316071750743338	 0.01736627172316596
0.17440571574233743	 0.050095706922636096
-0.37842459924445704	 0.15569688396861325
0.078100068763876318	 0.034714817859032632
-0.31389507177001563	 0.16093858509133319
0.11161962273140424	 0.017793947601142834
0.34298230607201452	 -0.044738036622291422
-0.20688926601171925	 -0.047814737610203051
0.19333838657165803	 0.021999735832819778
-0.2490762368538772	 0.39641182943271458
0.43685070748294275	 0.17854913927627902
0.30923525467945046	 0.47791499984452401
-0.18672446100354401	 0.22244170053209933
0.45613474722771663	 0.16848056758906549
0.38040819386039315	 0.14349695647067739
-0.46943648716874259	 0.40202913482029978
0.48439907514695035	 0.14595544785087455
0.28637749924621425	 0.22500002349790482
-0.46691413035938245	 0.4602231078833372
-0.070474774842371579	 0.18202914572189355
-0.21052553304961208	 0.33609939397665944
-0.36102250631014932	 0.28879953072851716
0.34409863680791974	 0.11866368206742361
0.22994737593920311	 0.60645059219775987
0.21384421070751003	 0.73268986127033542
-0.12868756411070359	 0.3480532579283826
0.44927030100918852	 0.40757897165351964
0.27894685081157222	 0.72966250084903894
-0.041555791879797244	 0.37136532829916424
0.022347626519551356	 0.3077962364077651
0.18018733741724269	 0.2424891096029318
0.38612813683512071	 0.16355504391217357
-0.30324665820377261	 0.60982060354874434
0.30176273863844705	 0.40478323307023012
-0.035771794866664264	 0.61144983474939441
-0.11714172997378824	 0.41825294359128917
-0.086617639095810051	 0.46078347099124972
-0.19278948926031098	 0.45359875469772226
0.17596900401449245	 0.30731495062492598
-0.39327925298981337	 0.38825165036734721
0.058134273885811827	 0.22211372238273097
0.11281971103177391	 0.45076431287776964
0.41595600215529838	 0.2973576796935411
0.37140981288226782	 0.66968976836279404
0.068954457793829249	 0.62566234991036307
0.29636419555003024	 0.46261212066529422
0.40197332571352518	 0.46041119969051936
0.053353532940779602	 0.42014775294949769
0.082741694330583204	 0.47061555849374948
0.43505919581980412	 0.26756326948790043
0.48287875809840797	 0.50104457200081121
0.37221616128097113	 0.69295706641156252
-0.42596331095600654	 0.95137517861387377
0.32697739490632782	 0.56558687786484385
0.10216353722017424	 0.65009188140605034
0.28788090021716473	 0.7049268191557323
-0.30171016967003705	 0.91632136000616549
0.051433837763701473	 0.60165750935538664
0.066827750563075661	 0.58333288588390464
0.15673403845016565	 0.73220691843959806
-0.42621853618240846	 0.92034571620079642
-0.25298491201968165	 0.61179270252972673
0.042862174819625065	 0.38739685663306944
-0.22946519438618107	 0.5618993365862146
-0.45122217384689589	 0.45055783534610461
-0.49290962051270049	 0.28657355526014383
0.15339307610569197	 0.1543584676078551
-0.037839812942705942	 0.33487053697558999
-0.18569910930735017	 0.35613974842310525
-0.17063792034547681	 0.32132265115916603
0.068880934067480748	 0.15733051999743553
0.3724351645784616	 0.14428236037808162
0.44218179115195844	 0.37984249364760303
-0.015163064242882218	 0.33432829819902055
0.24384497746072942	 0.13322425293375817
0.011136248480126398	 0.014271472456012457
-0.21879886915851332	 0.19900097794671257
0.14581830270859331	 0.13604181673553861
-0.43551021904475529	 0.15715097255385557
0.36394282517206988	 0.027695861940039479
0.080877498062736142	 0.31508622560764832
-0.45263146094634732	 0.46400792239392352
0.23615898645304101	 0.19524779827823324
0.15491418757239084	 0.2975143222974983
0.3743459339599805	 0.44297388301786356
-0.1616774767924461	 0.48896482607443414
-0.057204912676105724	 0.25900326500523696
-0.42736423617571789	 0.28987095246528205
0.38975636097125543	 0.097214817776879903
-0.49037716257869135	 0.57330359922944796
0.22936980227444781	 0.25219928659054203
0.46353782478884697	 0.10878697750011468
-0.24336207459837295	 0.53645857193932711
-0.22776802290592718	 0.35325904375746453
-0.26592737006299538	 0.31372421833425079
-0.19458424844526884	 0.17180544663531305
-0.22067764341862761	 0.13658490474051621
0.38746570604269659	 0.030854612296048134
0.26757593861202522	 0.551997438533675
0.093623247274022159	 0.23230043007910317
-0.28317221430278017	 0.38516589236036314
-0.16354312732049409	 0.29531177627907113
-0.033941588147516188	 0.16256495555493533
